Stationid,Stationname En,Exitid,Exitname Zh Tw,Exitposition Positionlon,Exitposition Positionlat,layer,stationid,exitid,groovy code,,,"exit """
BL01,Dingpu,1,頂埔站出口1,121.418218,24.959306,,TaiwanStation_DingBuDingpu,TaiwanStation_DingBuDingpu_1,"exit ""TaiwanStation_DingBuDingpu_1"" with { short_name ""1"" coords { lat 121.418218; lon 24.959306 } layer 0 }",,,""" with { short_name """
BL01,Dingpu,2,頂埔站出口2,121.419,24.95931,,TaiwanStation_DingBuDingpu,TaiwanStation_DingBuDingpu_2,"exit ""TaiwanStation_DingBuDingpu_2"" with { short_name ""2"" coords { lat 121.419; lon 24.95931 } layer 0 }",,,""" coords { lat"
BL01,Dingpu,3,頂埔站出口3,121.4196,24.95962,,TaiwanStation_DingBuDingpu,TaiwanStation_DingBuDingpu_3,"exit ""TaiwanStation_DingBuDingpu_3"" with { short_name ""3"" coords { lat 121.4196; lon 24.95962 } layer 0 }",,,; lon
BL01,Dingpu,4,頂埔站出口4,121.4201,24.96039,,TaiwanStation_DingBuDingpu,TaiwanStation_DingBuDingpu_4,"exit ""TaiwanStation_DingBuDingpu_4"" with { short_name ""4"" coords { lat 121.4201; lon 24.96039 } layer 0 }",,, } layer
BL02,Yongning,1,永寧站出口1,121.435254,24.966714,,TaiwanStation_YongZhuYongning,TaiwanStation_YongZhuYongning_1,"exit ""TaiwanStation_YongZhuYongning_1"" with { short_name ""1"" coords { lat 121.435254; lon 24.966714 } layer 0 }",,,}
BL02,Yongning,2,永寧站出口2,121.43568,24.966102,,TaiwanStation_YongZhuYongning,TaiwanStation_YongZhuYongning_2,"exit ""TaiwanStation_YongZhuYongning_2"" with { short_name ""2"" coords { lat 121.43568; lon 24.966102 } layer 0 }",,,
BL02,Yongning,3,永寧站出口3,121.436799,24.966947,,TaiwanStation_YongZhuYongning,TaiwanStation_YongZhuYongning_3,"exit ""TaiwanStation_YongZhuYongning_3"" with { short_name ""3"" coords { lat 121.436799; lon 24.966947 } layer 0 }",,,
BL02,Yongning,4,永寧站出口4,121.436412,24.967191,,TaiwanStation_YongZhuYongning,TaiwanStation_YongZhuYongning_4,"exit ""TaiwanStation_YongZhuYongning_4"" with { short_name ""4"" coords { lat 121.436412; lon 24.967191 } layer 0 }",,,
BL03,Tucheng,1,土城站出口1,121.444173,24.973251,,TaiwanStation_TuChengTucheng,TaiwanStation_TuChengTucheng_1,"exit ""TaiwanStation_TuChengTucheng_1"" with { short_name ""1"" coords { lat 121.444173; lon 24.973251 } layer 0 }",,,
BL03,Tucheng,2,土城站出口2,121.443671,24.972663,,TaiwanStation_TuChengTucheng,TaiwanStation_TuChengTucheng_2,"exit ""TaiwanStation_TuChengTucheng_2"" with { short_name ""2"" coords { lat 121.443671; lon 24.972663 } layer 0 }",,,
BL03,Tucheng,3,土城站出口3,121.445266,24.973714,,TaiwanStation_TuChengTucheng,TaiwanStation_TuChengTucheng_3,"exit ""TaiwanStation_TuChengTucheng_3"" with { short_name ""3"" coords { lat 121.445266; lon 24.973714 } layer 0 }",,,
BL04,Haishan,1,海山站出口1,121.448615,24.985375,,TaiwanStation_HaiShanHaishan,TaiwanStation_HaiShanHaishan_1,"exit ""TaiwanStation_HaiShanHaishan_1"" with { short_name ""1"" coords { lat 121.448615; lon 24.985375 } layer 0 }",,,
BL04,Haishan,2,海山站出口2,121.448956,24.985329,,TaiwanStation_HaiShanHaishan,TaiwanStation_HaiShanHaishan_2,"exit ""TaiwanStation_HaiShanHaishan_2"" with { short_name ""2"" coords { lat 121.448956; lon 24.985329 } layer 0 }",,,
BL04,Haishan,3,海山站出口3,121.449127,24.98609,,TaiwanStation_HaiShanHaishan,TaiwanStation_HaiShanHaishan_3,"exit ""TaiwanStation_HaiShanHaishan_3"" with { short_name ""3"" coords { lat 121.449127; lon 24.98609 } layer 0 }",,,
BL05,Far Eastern Hospital,1,亞東醫院站出口1,121.452581,24.998933,,TaiwanStation_YaDongYiYuanFarEasternHospital,TaiwanStation_YaDongYiYuanFarEasternHospital_1,"exit ""TaiwanStation_YaDongYiYuanFarEasternHospital_1"" with { short_name ""1"" coords { lat 121.452581; lon 24.998933 } layer 0 }",,,
BL05,Far Eastern Hospital,2,亞東醫院站出口2,121.452388,24.998252,,TaiwanStation_YaDongYiYuanFarEasternHospital,TaiwanStation_YaDongYiYuanFarEasternHospital_2,"exit ""TaiwanStation_YaDongYiYuanFarEasternHospital_2"" with { short_name ""2"" coords { lat 121.452388; lon 24.998252 } layer 0 }",,,
BL05,Far Eastern Hospital,3,亞東醫院站出口3,121.45287,24.998875,,TaiwanStation_YaDongYiYuanFarEasternHospital,TaiwanStation_YaDongYiYuanFarEasternHospital_3,"exit ""TaiwanStation_YaDongYiYuanFarEasternHospital_3"" with { short_name ""3"" coords { lat 121.45287; lon 24.998875 } layer 0 }",,,
BL06,Fuzhong,1,府中站出口1,121.459077,25.008486,,TaiwanStation_FuZhongFuzhong,TaiwanStation_FuZhongFuzhong_1,"exit ""TaiwanStation_FuZhongFuzhong_1"" with { short_name ""1"" coords { lat 121.459077; lon 25.008486 } layer 0 }",,,
BL06,Fuzhong,2,府中站出口2,121.459501,25.008943,,TaiwanStation_FuZhongFuzhong,TaiwanStation_FuZhongFuzhong_2,"exit ""TaiwanStation_FuZhongFuzhong_2"" with { short_name ""2"" coords { lat 121.459501; lon 25.008943 } layer 0 }",,,
BL06,Fuzhong,3,府中站出口3,121.45897,25.009162,,TaiwanStation_FuZhongFuzhong,TaiwanStation_FuZhongFuzhong_3,"exit ""TaiwanStation_FuZhongFuzhong_3"" with { short_name ""3"" coords { lat 121.45897; lon 25.009162 } layer 0 }",,,
BL07,Banqiao,1,板橋站出口1,121.461754,25.013416,,TaiwanStation_BanQiaoBanqiao,TaiwanStation_BanQiaoBanqiao_1,"exit ""TaiwanStation_BanQiaoBanqiao_1"" with { short_name ""1"" coords { lat 121.461754; lon 25.013416 } layer 0 }",,,
BL07,Banqiao,2,板橋站出口2,121.462483,25.013192,,TaiwanStation_BanQiaoBanqiao,TaiwanStation_BanQiaoBanqiao_2,"exit ""TaiwanStation_BanQiaoBanqiao_2"" with { short_name ""2"" coords { lat 121.462483; lon 25.013192 } layer 0 }",,,
BL07,Banqiao,3,板橋站出口3,121.462589,25.014554,,TaiwanStation_BanQiaoBanqiao,TaiwanStation_BanQiaoBanqiao_3,"exit ""TaiwanStation_BanQiaoBanqiao_3"" with { short_name ""3"" coords { lat 121.462589; lon 25.014554 } layer 0 }",,,
BL08,Xinpu,1,新埔站出口1,121.467457,25.023063,,TaiwanStation_XinBuXinpu,TaiwanStation_XinBuXinpu_1,"exit ""TaiwanStation_XinBuXinpu_1"" with { short_name ""1"" coords { lat 121.467457; lon 25.023063 } layer 0 }",,,
BL08,Xinpu,2,新埔站出口2,121.468176,25.0222,,TaiwanStation_XinBuXinpu,TaiwanStation_XinBuXinpu_2,"exit ""TaiwanStation_XinBuXinpu_2"" with { short_name ""2"" coords { lat 121.468176; lon 25.0222 } layer 0 }",,,
BL08,Xinpu,3,新埔站出口3,121.468574,25.022844,,TaiwanStation_XinBuXinpu,TaiwanStation_XinBuXinpu_3,"exit ""TaiwanStation_XinBuXinpu_3"" with { short_name ""3"" coords { lat 121.468574; lon 25.022844 } layer 0 }",,,
BL08,Xinpu,4,新埔站出口4,121.468728,25.023638,,TaiwanStation_XinBuXinpu,TaiwanStation_XinBuXinpu_4,"exit ""TaiwanStation_XinBuXinpu_4"" with { short_name ""4"" coords { lat 121.468728; lon 25.023638 } layer 0 }",,,
BL08,Xinpu,5,新埔站出口5,121.468138,25.024163,,TaiwanStation_XinBuXinpu,TaiwanStation_XinBuXinpu_5,"exit ""TaiwanStation_XinBuXinpu_5"" with { short_name ""5"" coords { lat 121.468138; lon 25.024163 } layer 0 }",,,
BL09,Jiangzicui,1,江子翠站出口1,121.471914,25.030298,,TaiwanStation_JiangZiCuiJiangzicui,TaiwanStation_JiangZiCuiJiangzicui_1,"exit ""TaiwanStation_JiangZiCuiJiangzicui_1"" with { short_name ""1"" coords { lat 121.471914; lon 25.030298 } layer 0 }",,,
BL09,Jiangzicui,2,江子翠站出口2,121.471903,25.029782,,TaiwanStation_JiangZiCuiJiangzicui,TaiwanStation_JiangZiCuiJiangzicui_2,"exit ""TaiwanStation_JiangZiCuiJiangzicui_2"" with { short_name ""2"" coords { lat 121.471903; lon 25.029782 } layer 0 }",,,
BL09,Jiangzicui,3,江子翠站出口3,121.472156,25.029459,,TaiwanStation_JiangZiCuiJiangzicui,TaiwanStation_JiangZiCuiJiangzicui_3,"exit ""TaiwanStation_JiangZiCuiJiangzicui_3"" with { short_name ""3"" coords { lat 121.472156; lon 25.029459 } layer 0 }",,,
BL09,Jiangzicui,4,江子翠站出口4,121.472719,25.029763,,TaiwanStation_JiangZiCuiJiangzicui,TaiwanStation_JiangZiCuiJiangzicui_4,"exit ""TaiwanStation_JiangZiCuiJiangzicui_4"" with { short_name ""4"" coords { lat 121.472719; lon 25.029763 } layer 0 }",,,
BL09,Jiangzicui,5,江子翠站出口5,121.473609,25.031027,,TaiwanStation_JiangZiCuiJiangzicui,TaiwanStation_JiangZiCuiJiangzicui_5,"exit ""TaiwanStation_JiangZiCuiJiangzicui_5"" with { short_name ""5"" coords { lat 121.473609; lon 25.031027 } layer 0 }",,,
BL09,Jiangzicui,6,江子翠站出口6,121.473126,25.031095,,TaiwanStation_JiangZiCuiJiangzicui,TaiwanStation_JiangZiCuiJiangzicui_6,"exit ""TaiwanStation_JiangZiCuiJiangzicui_6"" with { short_name ""6"" coords { lat 121.473126; lon 25.031095 } layer 0 }",,,
BL10,Longshan Temple,1,龍山寺站出口1,121.49953,25.035484,,TaiwanStation_LongShanSiLongshanTemple,TaiwanStation_LongShanSiLongshanTemple_1,"exit ""TaiwanStation_LongShanSiLongshanTemple_1"" with { short_name ""1"" coords { lat 121.49953; lon 25.035484 } layer 0 }",,,
BL10,Longshan Temple,2,龍山寺站出口2,121.499798,25.035109,,TaiwanStation_LongShanSiLongshanTemple,TaiwanStation_LongShanSiLongshanTemple_2,"exit ""TaiwanStation_LongShanSiLongshanTemple_2"" with { short_name ""2"" coords { lat 121.499798; lon 25.035109 } layer 0 }",,,
BL10,Longshan Temple,3,龍山寺站出口3,121.501622,25.035421,,TaiwanStation_LongShanSiLongshanTemple,TaiwanStation_LongShanSiLongshanTemple_3,"exit ""TaiwanStation_LongShanSiLongshanTemple_3"" with { short_name ""3"" coords { lat 121.501622; lon 25.035421 } layer 0 }",,,
BL11,Ximen,1,西門站出口1,121.507566,25.042137,,TaiwanStation_XiMenXimen,TaiwanStation_XiMenXimen_1,"exit ""TaiwanStation_XiMenXimen_1"" with { short_name ""1"" coords { lat 121.507566; lon 25.042137 } layer 0 }",,,
BL11,Ximen,2,西門站出口2,121.508435,25.041545,,TaiwanStation_XiMenXimen,TaiwanStation_XiMenXimen_2,"exit ""TaiwanStation_XiMenXimen_2"" with { short_name ""2"" coords { lat 121.508435; lon 25.041545 } layer 0 }",,,
BL11,Ximen,3,西門站出口3,121.508888,25.041789,,TaiwanStation_XiMenXimen,TaiwanStation_XiMenXimen_3,"exit ""TaiwanStation_XiMenXimen_3"" with { short_name ""3"" coords { lat 121.508888; lon 25.041789 } layer 0 }",,,
BL11,Ximen,4,西門站出口4,121.509006,25.042203,,TaiwanStation_XiMenXimen,TaiwanStation_XiMenXimen_4,"exit ""TaiwanStation_XiMenXimen_4"" with { short_name ""4"" coords { lat 121.509006; lon 25.042203 } layer 0 }",,,
BL11,Ximen,5,西門站出口5,121.508789,25.042935,,TaiwanStation_XiMenXimen,TaiwanStation_XiMenXimen_5,"exit ""TaiwanStation_XiMenXimen_5"" with { short_name ""5"" coords { lat 121.508789; lon 25.042935 } layer 0 }",,,
BL11,Ximen,6,西門站出口6,121.507602,25.042573,,TaiwanStation_XiMenXimen,TaiwanStation_XiMenXimen_6,"exit ""TaiwanStation_XiMenXimen_6"" with { short_name ""6"" coords { lat 121.507602; lon 25.042573 } layer 0 }",,,
BL13,Shandao Temple,1,善導寺站出口1,121.523009,25.045097,,TaiwanStation_ShanDaoSiShandaoTemple,TaiwanStation_ShanDaoSiShandaoTemple_1,"exit ""TaiwanStation_ShanDaoSiShandaoTemple_1"" with { short_name ""1"" coords { lat 121.523009; lon 25.045097 } layer 0 }",,,
BL13,Shandao Temple,2,善導寺站出口2,121.523053,25.044796,,TaiwanStation_ShanDaoSiShandaoTemple,TaiwanStation_ShanDaoSiShandaoTemple_2,"exit ""TaiwanStation_ShanDaoSiShandaoTemple_2"" with { short_name ""2"" coords { lat 121.523053; lon 25.044796 } layer 0 }",,,
BL13,Shandao Temple,3,善導寺站出口3,121.523734,25.044568,,TaiwanStation_ShanDaoSiShandaoTemple,TaiwanStation_ShanDaoSiShandaoTemple_3,"exit ""TaiwanStation_ShanDaoSiShandaoTemple_3"" with { short_name ""3"" coords { lat 121.523734; lon 25.044568 } layer 0 }",,,
BL13,Shandao Temple,4,善導寺站出口4,121.524217,25.044111,,TaiwanStation_ShanDaoSiShandaoTemple,TaiwanStation_ShanDaoSiShandaoTemple_4,"exit ""TaiwanStation_ShanDaoSiShandaoTemple_4"" with { short_name ""4"" coords { lat 121.524217; lon 25.044111 } layer 0 }",,,
BL13,Shandao Temple,5,善導寺站出口5,121.52482,25.044256,,TaiwanStation_ShanDaoSiShandaoTemple,TaiwanStation_ShanDaoSiShandaoTemple_5,"exit ""TaiwanStation_ShanDaoSiShandaoTemple_5"" with { short_name ""5"" coords { lat 121.52482; lon 25.044256 } layer 0 }",,,
BL13,Shandao Temple,6,善導寺站出口6,121.524898,25.044632,,TaiwanStation_ShanDaoSiShandaoTemple,TaiwanStation_ShanDaoSiShandaoTemple_6,"exit ""TaiwanStation_ShanDaoSiShandaoTemple_6"" with { short_name ""6"" coords { lat 121.524898; lon 25.044632 } layer 0 }",,,
BL14,Zhongxiao Xinsheng,1,忠孝新生站出口1,121.531829,25.042784,,TaiwanStation_ZhongXiaoXinShengZhongxiaoXinsheng,TaiwanStation_ZhongXiaoXinShengZhongxiaoXinsheng_1,"exit ""TaiwanStation_ZhongXiaoXinShengZhongxiaoXinsheng_1"" with { short_name ""1"" coords { lat 121.531829; lon 25.042784 } layer 0 }",,,
BL14,Zhongxiao Xinsheng,2,忠孝新生站出口2,121.532065,25.042103,,TaiwanStation_ZhongXiaoXinShengZhongxiaoXinsheng,TaiwanStation_ZhongXiaoXinShengZhongxiaoXinsheng_2,"exit ""TaiwanStation_ZhongXiaoXinShengZhongxiaoXinsheng_2"" with { short_name ""2"" coords { lat 121.532065; lon 25.042103 } layer 0 }",,,
BL14,Zhongxiao Xinsheng,3,忠孝新生站出口3,121.53368,25.041783,,TaiwanStation_ZhongXiaoXinShengZhongxiaoXinsheng,TaiwanStation_ZhongXiaoXinShengZhongxiaoXinsheng_3,"exit ""TaiwanStation_ZhongXiaoXinShengZhongxiaoXinsheng_3"" with { short_name ""3"" coords { lat 121.53368; lon 25.041783 } layer 0 }",,,
BL14,Zhongxiao Xinsheng,4,忠孝新生站出口4,121.533213,25.042458,,TaiwanStation_ZhongXiaoXinShengZhongxiaoXinsheng,TaiwanStation_ZhongXiaoXinShengZhongxiaoXinsheng_4,"exit ""TaiwanStation_ZhongXiaoXinShengZhongxiaoXinsheng_4"" with { short_name ""4"" coords { lat 121.533213; lon 25.042458 } layer 0 }",,,
BL14,Zhongxiao Xinsheng,5,忠孝新生站出口5,121.532232,25.041214,,TaiwanStation_ZhongXiaoXinShengZhongxiaoXinsheng,TaiwanStation_ZhongXiaoXinShengZhongxiaoXinsheng_5,"exit ""TaiwanStation_ZhongXiaoXinShengZhongxiaoXinsheng_5"" with { short_name ""5"" coords { lat 121.532232; lon 25.041214 } layer 0 }",,,
BL14,Zhongxiao Xinsheng,6,忠孝新生站出口6,121.533068,25.040791,,TaiwanStation_ZhongXiaoXinShengZhongxiaoXinsheng,TaiwanStation_ZhongXiaoXinShengZhongxiaoXinsheng_6,"exit ""TaiwanStation_ZhongXiaoXinShengZhongxiaoXinsheng_6"" with { short_name ""6"" coords { lat 121.533068; lon 25.040791 } layer 0 }",,,
BL14,Zhongxiao Xinsheng,7,忠孝新生站出口7,121.533068,25.041729,,TaiwanStation_ZhongXiaoXinShengZhongxiaoXinsheng,TaiwanStation_ZhongXiaoXinShengZhongxiaoXinsheng_7,"exit ""TaiwanStation_ZhongXiaoXinShengZhongxiaoXinsheng_7"" with { short_name ""7"" coords { lat 121.533068; lon 25.041729 } layer 0 }",,,
BL16,Zhongxiao Dunhua,1,忠孝敦化站出口1,121.550578,25.041642,,TaiwanStation_ZhongXiaoDunHuaXhongxiaoDunhua,TaiwanStation_ZhongXiaoDunHuaXhongxiaoDunhua_1,"exit ""TaiwanStation_ZhongXiaoDunHuaXhongxiaoDunhua_1"" with { short_name ""1"" coords { lat 121.550578; lon 25.041642 } layer 0 }",,,
BL16,Zhongxiao Dunhua,2,忠孝敦化站出口2,121.551694,25.041632,,TaiwanStation_ZhongXiaoDunHuaXhongxiaoDunhua,TaiwanStation_ZhongXiaoDunHuaXhongxiaoDunhua_2,"exit ""TaiwanStation_ZhongXiaoDunHuaXhongxiaoDunhua_2"" with { short_name ""2"" coords { lat 121.551694; lon 25.041632 } layer 0 }",,,
BL16,Zhongxiao Dunhua,3,忠孝敦化站出口3,121.551586,25.04134,,TaiwanStation_ZhongXiaoDunHuaXhongxiaoDunhua,TaiwanStation_ZhongXiaoDunHuaXhongxiaoDunhua_3,"exit ""TaiwanStation_ZhongXiaoDunHuaXhongxiaoDunhua_3"" with { short_name ""3"" coords { lat 121.551586; lon 25.04134 } layer 0 }",,,
BL16,Zhongxiao Dunhua,4,忠孝敦化站出口4,121.550567,25.04135,,TaiwanStation_ZhongXiaoDunHuaXhongxiaoDunhua,TaiwanStation_ZhongXiaoDunHuaXhongxiaoDunhua_4,"exit ""TaiwanStation_ZhongXiaoDunHuaXhongxiaoDunhua_4"" with { short_name ""4"" coords { lat 121.550567; lon 25.04135 } layer 0 }",,,
BL16,Zhongxiao Dunhua,5,忠孝敦化站出口5,121.549824,25.041238,,TaiwanStation_ZhongXiaoDunHuaXhongxiaoDunhua,TaiwanStation_ZhongXiaoDunHuaXhongxiaoDunhua_5,"exit ""TaiwanStation_ZhongXiaoDunHuaXhongxiaoDunhua_5"" with { short_name ""5"" coords { lat 121.549824; lon 25.041238 } layer 0 }",,,
BL16,Zhongxiao Dunhua,6,忠孝敦化站出口6,121.549174,25.041029,,TaiwanStation_ZhongXiaoDunHuaXhongxiaoDunhua,TaiwanStation_ZhongXiaoDunHuaXhongxiaoDunhua_6,"exit ""TaiwanStation_ZhongXiaoDunHuaXhongxiaoDunhua_6"" with { short_name ""6"" coords { lat 121.549174; lon 25.041029 } layer 0 }",,,
BL16,Zhongxiao Dunhua,7,忠孝敦化站出口7,121.549913,25.041661,,TaiwanStation_ZhongXiaoDunHuaXhongxiaoDunhua,TaiwanStation_ZhongXiaoDunHuaXhongxiaoDunhua_7,"exit ""TaiwanStation_ZhongXiaoDunHuaXhongxiaoDunhua_7"" with { short_name ""7"" coords { lat 121.549913; lon 25.041661 } layer 0 }",,,
BL16,Zhongxiao Dunhua,8,忠孝敦化站出口8,121.549194,25.041928,,TaiwanStation_ZhongXiaoDunHuaXhongxiaoDunhua,TaiwanStation_ZhongXiaoDunHuaXhongxiaoDunhua_8,"exit ""TaiwanStation_ZhongXiaoDunHuaXhongxiaoDunhua_8"" with { short_name ""8"" coords { lat 121.549194; lon 25.041928 } layer 0 }",,,
BL17,Sun Yat-Sen Memorial Hall,1,國父紀念館站出口1,121.556663,25.041838,,TaiwanStation_GuoFuJiNianGuanSunYatsenMemorialHall,TaiwanStation_GuoFuJiNianGuanSunYatsenMemorialHall_1,"exit ""TaiwanStation_GuoFuJiNianGuanSunYatsenMemorialHall_1"" with { short_name ""1"" coords { lat 121.556663; lon 25.041838 } layer 0 }",,,
BL17,Sun Yat-Sen Memorial Hall,2,國父紀念館站出口2,121.556704,25.041029,,TaiwanStation_GuoFuJiNianGuanSunYatsenMemorialHall,TaiwanStation_GuoFuJiNianGuanSunYatsenMemorialHall_2,"exit ""TaiwanStation_GuoFuJiNianGuanSunYatsenMemorialHall_2"" with { short_name ""2"" coords { lat 121.556704; lon 25.041029 } layer 0 }",,,
BL17,Sun Yat-Sen Memorial Hall,3,國父紀念館站出口3,121.557981,25.041195,,TaiwanStation_GuoFuJiNianGuanSunYatsenMemorialHall,TaiwanStation_GuoFuJiNianGuanSunYatsenMemorialHall_3,"exit ""TaiwanStation_GuoFuJiNianGuanSunYatsenMemorialHall_3"" with { short_name ""3"" coords { lat 121.557981; lon 25.041195 } layer 0 }",,,
BL17,Sun Yat-Sen Memorial Hall,4,國父紀念館站出口4,121.558539,25.04117,,TaiwanStation_GuoFuJiNianGuanSunYatsenMemorialHall,TaiwanStation_GuoFuJiNianGuanSunYatsenMemorialHall_4,"exit ""TaiwanStation_GuoFuJiNianGuanSunYatsenMemorialHall_4"" with { short_name ""4"" coords { lat 121.558539; lon 25.04117 } layer 0 }",,,
BL17,Sun Yat-Sen Memorial Hall,5,國父紀念館站出口5,121.558002,25.041501,,TaiwanStation_GuoFuJiNianGuanSunYatsenMemorialHall,TaiwanStation_GuoFuJiNianGuanSunYatsenMemorialHall_5,"exit ""TaiwanStation_GuoFuJiNianGuanSunYatsenMemorialHall_5"" with { short_name ""5"" coords { lat 121.558002; lon 25.041501 } layer 0 }",,,
BL18,Taipei City Hall,1,市政府站出口1,121.565459,25.041408,,TaiwanStation_ShiZhengFuTaipeiCityHall,TaiwanStation_ShiZhengFuTaipeiCityHall_1,"exit ""TaiwanStation_ShiZhengFuTaipeiCityHall_1"" with { short_name ""1"" coords { lat 121.565459; lon 25.041408 } layer 0 }",,,
BL18,Taipei City Hall,2,市政府站出口2,121.565062,25.040971,,TaiwanStation_ShiZhengFuTaipeiCityHall,TaiwanStation_ShiZhengFuTaipeiCityHall_2,"exit ""TaiwanStation_ShiZhengFuTaipeiCityHall_2"" with { short_name ""2"" coords { lat 121.565062; lon 25.040971 } layer 0 }",,,
BL18,Taipei City Hall,3,市政府站出口3,121.567149,25.040903,,TaiwanStation_ShiZhengFuTaipeiCityHall,TaiwanStation_ShiZhengFuTaipeiCityHall_3,"exit ""TaiwanStation_ShiZhengFuTaipeiCityHall_3"" with { short_name ""3"" coords { lat 121.567149; lon 25.040903 } layer 0 }",,,
BL18,Taipei City Hall,4,市政府站出口4,121.567181,25.041263,,TaiwanStation_ShiZhengFuTaipeiCityHall,TaiwanStation_ShiZhengFuTaipeiCityHall_4,"exit ""TaiwanStation_ShiZhengFuTaipeiCityHall_4"" with { short_name ""4"" coords { lat 121.567181; lon 25.041263 } layer 0 }",,,
BL19,Yongchun,1,永春站出口1,121.57512,25.040995,,TaiwanStation_YongChunYongchun,TaiwanStation_YongChunYongchun_1,"exit ""TaiwanStation_YongChunYongchun_1"" with { short_name ""1"" coords { lat 121.57512; lon 25.040995 } layer 0 }",,,
BL19,Yongchun,2,永春站出口2,121.575383,25.040704,,TaiwanStation_YongChunYongchun,TaiwanStation_YongChunYongchun_2,"exit ""TaiwanStation_YongChunYongchun_2"" with { short_name ""2"" coords { lat 121.575383; lon 25.040704 } layer 0 }",,,
BL19,Yongchun,3,永春站出口3,121.576155,25.040704,,TaiwanStation_YongChunYongchun,TaiwanStation_YongChunYongchun_3,"exit ""TaiwanStation_YongChunYongchun_3"" with { short_name ""3"" coords { lat 121.576155; lon 25.040704 } layer 0 }",,,
BL19,Yongchun,4,永春站出口4,121.576574,25.040699,,TaiwanStation_YongChunYongchun,TaiwanStation_YongChunYongchun_4,"exit ""TaiwanStation_YongChunYongchun_4"" with { short_name ""4"" coords { lat 121.576574; lon 25.040699 } layer 0 }",,,
BL19,Yongchun,5,永春站出口5,121.576622,25.040961,,TaiwanStation_YongChunYongchun,TaiwanStation_YongChunYongchun_5,"exit ""TaiwanStation_YongChunYongchun_5"" with { short_name ""5"" coords { lat 121.576622; lon 25.040961 } layer 0 }",,,
BL20,Houshanpi,1,後山埤站出口1,121.58141,25.044422,,TaiwanStation_HouShanPiHoushanpi,TaiwanStation_HouShanPiHoushanpi_1,"exit ""TaiwanStation_HouShanPiHoushanpi_1"" with { short_name ""1"" coords { lat 121.58141; lon 25.044422 } layer 0 }",,,
BL20,Houshanpi,2,後山埤站出口2,121.581854,25.043703,,TaiwanStation_HouShanPiHoushanpi,TaiwanStation_HouShanPiHoushanpi_2,"exit ""TaiwanStation_HouShanPiHoushanpi_2"" with { short_name ""2"" coords { lat 121.581854; lon 25.043703 } layer 0 }",,,
BL20,Houshanpi,3,後山埤站出口3,121.583277,25.045232,,TaiwanStation_HouShanPiHoushanpi,TaiwanStation_HouShanPiHoushanpi_3,"exit ""TaiwanStation_HouShanPiHoushanpi_3"" with { short_name ""3"" coords { lat 121.583277; lon 25.045232 } layer 0 }",,,
BL20,Houshanpi,4,後山埤站出口4,121.582441,25.045653,,TaiwanStation_HouShanPiHoushanpi,TaiwanStation_HouShanPiHoushanpi_4,"exit ""TaiwanStation_HouShanPiHoushanpi_4"" with { short_name ""4"" coords { lat 121.582441; lon 25.045653 } layer 0 }",,,
BL21,Kunyang,1,昆陽站出口1,121.592726,25.050319,,TaiwanStation_KunYangKunyang,TaiwanStation_KunYangKunyang_1,"exit ""TaiwanStation_KunYangKunyang_1"" with { short_name ""1"" coords { lat 121.592726; lon 25.050319 } layer 0 }",,,
BL21,Kunyang,2,昆陽站出口2,121.592825,25.050402,,TaiwanStation_KunYangKunyang,TaiwanStation_KunYangKunyang_2,"exit ""TaiwanStation_KunYangKunyang_2"" with { short_name ""2"" coords { lat 121.592825; lon 25.050402 } layer 0 }",,,
BL21,Kunyang,3,昆陽站出口3,121.59363,25.050599,,TaiwanStation_KunYangKunyang,TaiwanStation_KunYangKunyang_3,"exit ""TaiwanStation_KunYangKunyang_3"" with { short_name ""3"" coords { lat 121.59363; lon 25.050599 } layer 0 }",,,
BL21,Kunyang,4,昆陽站出口4,121.593799,25.050572,,TaiwanStation_KunYangKunyang,TaiwanStation_KunYangKunyang_4,"exit ""TaiwanStation_KunYangKunyang_4"" with { short_name ""4"" coords { lat 121.593799; lon 25.050572 } layer 0 }",,,
BL22,Nangang,1,南港站出口1,121.606357,25.051911,,TaiwanStation_NanGangNangang,TaiwanStation_NanGangNangang_1,"exit ""TaiwanStation_NanGangNangang_1"" with { short_name ""1"" coords { lat 121.606357; lon 25.051911 } layer 0 }",,,
BL22,Nangang,2,南港站出口2,121.60743,25.052025,,TaiwanStation_NanGangNangang,TaiwanStation_NanGangNangang_2,"exit ""TaiwanStation_NanGangNangang_2"" with { short_name ""2"" coords { lat 121.60743; lon 25.052025 } layer 0 }",,,
BR01,Taipei Zoo,1,動物園站出口1,121.579916,24.99825,,TaiwanStation_DongWuYuanTaipeiZoo,TaiwanStation_DongWuYuanTaipeiZoo_1,"exit ""TaiwanStation_DongWuYuanTaipeiZoo_1"" with { short_name ""1"" coords { lat 121.579916; lon 24.99825 } layer 0 }",,,
BR01,Taipei Zoo,2,動物園站出口2,121.579417,24.997948,,TaiwanStation_DongWuYuanTaipeiZoo,TaiwanStation_DongWuYuanTaipeiZoo_2,"exit ""TaiwanStation_DongWuYuanTaipeiZoo_2"" with { short_name ""2"" coords { lat 121.579417; lon 24.997948 } layer 0 }",,,
BR02,Muzha,0,木柵站出口,121.573417,24.998174,,TaiwanStation_MuZhaMuzha,TaiwanStation_MuZhaMuzha_0,"exit ""TaiwanStation_MuZhaMuzha_0"" with { short_name ""0"" coords { lat 121.573417; lon 24.998174 } layer 0 }",,,
BR03,Wanfang Community,0,萬芳社區站出口,121.568409,24.99858,,TaiwanStation_WanFangSheQuWanfangCommunity,TaiwanStation_WanFangSheQuWanfangCommunity_0,"exit ""TaiwanStation_WanFangSheQuWanfangCommunity_0"" with { short_name ""0"" coords { lat 121.568409; lon 24.99858 } layer 0 }",,,
BR04,Wanfang Hospital,0,萬芳醫院站出口,121.557737,24.999383,,TaiwanStation_WanFangYiYuanWanfangHospital,TaiwanStation_WanFangYiYuanWanfangHospital_0,"exit ""TaiwanStation_WanFangYiYuanWanfangHospital_0"" with { short_name ""0"" coords { lat 121.557737; lon 24.999383 } layer 0 }",,,
BR05,Xinhai,0,辛亥站出口,121.557021,25.005119,,TaiwanStation_XinHaiXinhai,TaiwanStation_XinHaiXinhai_0,"exit ""TaiwanStation_XinHaiXinhai_0"" with { short_name ""0"" coords { lat 121.557021; lon 25.005119 } layer 0 }",,,
BR06,Linguang,0,麟光站出口,121.558606,25.018554,,TaiwanStation_LinGuangLinguang,TaiwanStation_LinGuangLinguang_0,"exit ""TaiwanStation_LinGuangLinguang_0"" with { short_name ""0"" coords { lat 121.558606; lon 25.018554 } layer 0 }",,,
BR07,Liuzhangli,0,六張犁站出口,121.552737,25.023852,,TaiwanStation_LiuZhangLiLiuzhangli,TaiwanStation_LiuZhangLiLiuzhangli_0,"exit ""TaiwanStation_LiuZhangLiLiuzhangli_0"" with { short_name ""0"" coords { lat 121.552737; lon 25.023852 } layer 0 }",,,
BR08,Technology Building,0,科技大樓站出口,121.543636,25.026154,,TaiwanStation_KeJiDaLouTechnologyBuilding,TaiwanStation_KeJiDaLouTechnologyBuilding_0,"exit ""TaiwanStation_KeJiDaLouTechnologyBuilding_0"" with { short_name ""0"" coords { lat 121.543636; lon 25.026154 } layer 0 }",,,
BR09,Daan,1,大安站出口1,121.541949,25.033508,,TaiwanStation_DaAnDaan,TaiwanStation_DaAnDaan_1,"exit ""TaiwanStation_DaAnDaan_1"" with { short_name ""1"" coords { lat 121.541949; lon 25.033508 } layer 0 }",,,
BR09,Daan,2,大安站出口2,121.541826,25.033515,,TaiwanStation_DaAnDaan,TaiwanStation_DaAnDaan_2,"exit ""TaiwanStation_DaAnDaan_2"" with { short_name ""2"" coords { lat 121.541826; lon 25.033515 } layer 0 }",,,
BR09,Daan,3,大安站出口3,121.54233,25.033241,,TaiwanStation_DaAnDaan,TaiwanStation_DaAnDaan_3,"exit ""TaiwanStation_DaAnDaan_3"" with { short_name ""3"" coords { lat 121.54233; lon 25.033241 } layer 0 }",,,
BR09,Daan,4,大安站出口4,121.544057,25.033066,,TaiwanStation_DaAnDaan,TaiwanStation_DaAnDaan_4,"exit ""TaiwanStation_DaAnDaan_4"" with { short_name ""4"" coords { lat 121.544057; lon 25.033066 } layer 0 }",,,
BR09,Daan,5,大安站出口5,121.543719,25.032862,,TaiwanStation_DaAnDaan,TaiwanStation_DaAnDaan_5,"exit ""TaiwanStation_DaAnDaan_5"" with { short_name ""5"" coords { lat 121.543719; lon 25.032862 } layer 0 }",,,
BR09,Daan,6,大安站出口6,121.543749,25.034006,,TaiwanStation_DaAnDaan,TaiwanStation_DaAnDaan_6,"exit ""TaiwanStation_DaAnDaan_6"" with { short_name ""6"" coords { lat 121.543749; lon 25.034006 } layer 0 }",,,
BR10,Zhongxiao Fuxing,1,忠孝復興站出口1,121.543143,25.041797,,TaiwanStation_ZhongXiaoFuXingZhongxiaoFuxing,TaiwanStation_ZhongXiaoFuXingZhongxiaoFuxing_1,"exit ""TaiwanStation_ZhongXiaoFuXingZhongxiaoFuxing_1"" with { short_name ""1"" coords { lat 121.543143; lon 25.041797 } layer 0 }",,,
BR10,Zhongxiao Fuxing,2,忠孝復興站出口2,121.543422,25.041355,,TaiwanStation_ZhongXiaoFuXingZhongxiaoFuxing,TaiwanStation_ZhongXiaoFuXingZhongxiaoFuxing_2,"exit ""TaiwanStation_ZhongXiaoFuXingZhongxiaoFuxing_2"" with { short_name ""2"" coords { lat 121.543422; lon 25.041355 } layer 0 }",,,
BR10,Zhongxiao Fuxing,3,忠孝復興站出口3,121.544806,25.041467,,TaiwanStation_ZhongXiaoFuXingZhongxiaoFuxing,TaiwanStation_ZhongXiaoFuXingZhongxiaoFuxing_3,"exit ""TaiwanStation_ZhongXiaoFuXingZhongxiaoFuxing_3"" with { short_name ""3"" coords { lat 121.544806; lon 25.041467 } layer 0 }",,,
BR10,Zhongxiao Fuxing,4,忠孝復興站出口4,121.54506,25.041772,,TaiwanStation_ZhongXiaoFuXingZhongxiaoFuxing,TaiwanStation_ZhongXiaoFuXingZhongxiaoFuxing_4,"exit ""TaiwanStation_ZhongXiaoFuXingZhongxiaoFuxing_4"" with { short_name ""4"" coords { lat 121.54506; lon 25.041772 } layer 0 }",,,
BR10,Zhongxiao Fuxing,5,忠孝復興站出口5,121.543985,25.04202,,TaiwanStation_ZhongXiaoFuXingZhongxiaoFuxing,TaiwanStation_ZhongXiaoFuXingZhongxiaoFuxing_5,"exit ""TaiwanStation_ZhongXiaoFuXingZhongxiaoFuxing_5"" with { short_name ""5"" coords { lat 121.543985; lon 25.04202 } layer 0 }",,,
BR11,Nanjing Fuxing,1,南京復興站出口1,121.542121,25.052625,,TaiwanStation_NanJingFuXingNanjingFuxing,TaiwanStation_NanJingFuXingNanjingFuxing_1,"exit ""TaiwanStation_NanJingFuXingNanjingFuxing_1"" with { short_name ""1"" coords { lat 121.542121; lon 25.052625 } layer 0 }",,,
BR11,Nanjing Fuxing,2,南京復興站出口2,121.541863,25.051748,,TaiwanStation_NanJingFuXingNanjingFuxing,TaiwanStation_NanJingFuXingNanjingFuxing_2,"exit ""TaiwanStation_NanJingFuXingNanjingFuxing_2"" with { short_name ""2"" coords { lat 121.541863; lon 25.051748 } layer 0 }",,,
BR11,Nanjing Fuxing,3,南京復興站出口3,121.543237,25.051719,,TaiwanStation_NanJingFuXingNanjingFuxing,TaiwanStation_NanJingFuXingNanjingFuxing_3,"exit ""TaiwanStation_NanJingFuXingNanjingFuxing_3"" with { short_name ""3"" coords { lat 121.543237; lon 25.051719 } layer 0 }",,,
BR11,Nanjing Fuxing,4,南京復興站出口4,121.543237,25.051719,,TaiwanStation_NanJingFuXingNanjingFuxing,TaiwanStation_NanJingFuXingNanjingFuxing_4,"exit ""TaiwanStation_NanJingFuXingNanjingFuxing_4"" with { short_name ""4"" coords { lat 121.543237; lon 25.051719 } layer 0 }",,,
BR11,Nanjing Fuxing,5,南京復興站出口5,121.544338,25.051727,,TaiwanStation_NanJingFuXingNanjingFuxing,TaiwanStation_NanJingFuXingNanjingFuxing_5,"exit ""TaiwanStation_NanJingFuXingNanjingFuxing_5"" with { short_name ""5"" coords { lat 121.544338; lon 25.051727 } layer 0 }",,,
BR11,Nanjing Fuxing,6,南京復興站出口6,121.544908,25.052057,,TaiwanStation_NanJingFuXingNanjingFuxing,TaiwanStation_NanJingFuXingNanjingFuxing_6,"exit ""TaiwanStation_NanJingFuXingNanjingFuxing_6"" with { short_name ""6"" coords { lat 121.544908; lon 25.052057 } layer 0 }",,,
BR11,Nanjing Fuxing,7,南京復興站出口7,121.54447,25.052329,,TaiwanStation_NanJingFuXingNanjingFuxing,TaiwanStation_NanJingFuXingNanjingFuxing_7,"exit ""TaiwanStation_NanJingFuXingNanjingFuxing_7"" with { short_name ""7"" coords { lat 121.54447; lon 25.052329 } layer 0 }",,,
BR11,Nanjing Fuxing,8,南京復興站出口8,121.543819,25.052018,,TaiwanStation_NanJingFuXingNanjingFuxing,TaiwanStation_NanJingFuXingNanjingFuxing_8,"exit ""TaiwanStation_NanJingFuXingNanjingFuxing_8"" with { short_name ""8"" coords { lat 121.543819; lon 25.052018 } layer 0 }",,,
BR12,Zhongshan Junior High School,0,中山國中站出口,121.544031,25.060889,,TaiwanStation_ZhongShanGuoZhongZhongshanJuniorHighSchool,TaiwanStation_ZhongShanGuoZhongZhongshanJuniorHighSchool_0,"exit ""TaiwanStation_ZhongShanGuoZhongZhongshanJuniorHighSchool_0"" with { short_name ""0"" coords { lat 121.544031; lon 25.060889 } layer 0 }",,,
BR13,Songshan Airport,1,松山機場站出口1,121.552335,25.063717,,TaiwanStation_SongShanJiChangSongshanAirport,TaiwanStation_SongShanJiChangSongshanAirport_1,"exit ""TaiwanStation_SongShanJiChangSongshanAirport_1"" with { short_name ""1"" coords { lat 121.552335; lon 25.063717 } layer 0 }",,,
BR13,Songshan Airport,2,松山機場站出口2,121.551294,25.063673,,TaiwanStation_SongShanJiChangSongshanAirport,TaiwanStation_SongShanJiChangSongshanAirport_2,"exit ""TaiwanStation_SongShanJiChangSongshanAirport_2"" with { short_name ""2"" coords { lat 121.551294; lon 25.063673 } layer 0 }",,,
BR13,Songshan Airport,3,松山機場站出口3,121.552241,25.062923,,TaiwanStation_SongShanJiChangSongshanAirport,TaiwanStation_SongShanJiChangSongshanAirport_3,"exit ""TaiwanStation_SongShanJiChangSongshanAirport_3"" with { short_name ""3"" coords { lat 121.552241; lon 25.062923 } layer 0 }",,,
BR14,Dazhi,1,大直站出口1,121.547104,25.080118,,TaiwanStation_DaZhiDazhi,TaiwanStation_DaZhiDazhi_1,"exit ""TaiwanStation_DaZhiDazhi_1"" with { short_name ""1"" coords { lat 121.547104; lon 25.080118 } layer 0 }",,,
BR14,Dazhi,2,大直站出口2,121.546823,25.079584,,TaiwanStation_DaZhiDazhi,TaiwanStation_DaZhiDazhi_2,"exit ""TaiwanStation_DaZhiDazhi_2"" with { short_name ""2"" coords { lat 121.546823; lon 25.079584 } layer 0 }",,,
BR14,Dazhi,3,大直站出口3,121.546901,25.07931,,TaiwanStation_DaZhiDazhi,TaiwanStation_DaZhiDazhi_3,"exit ""TaiwanStation_DaZhiDazhi_3"" with { short_name ""3"" coords { lat 121.546901; lon 25.07931 } layer 0 }",,,
BR15,Jiannan Rd.,1,劍南路站出口1,121.555226,25.085174,,TaiwanStation_JianNanLuJiannanRd,TaiwanStation_JianNanLuJiannanRd_1,"exit ""TaiwanStation_JianNanLuJiannanRd_1"" with { short_name ""1"" coords { lat 121.555226; lon 25.085174 } layer 0 }",,,
BR15,Jiannan Rd.,2,劍南路站出口2,121.555097,25.084754,,TaiwanStation_JianNanLuJiannanRd,TaiwanStation_JianNanLuJiannanRd_2,"exit ""TaiwanStation_JianNanLuJiannanRd_2"" with { short_name ""2"" coords { lat 121.555097; lon 25.084754 } layer 0 }",,,
BR15,Jiannan Rd.,3,劍南路站出口3,121.556098,25.084484,,TaiwanStation_JianNanLuJiannanRd,TaiwanStation_JianNanLuJiannanRd_3,"exit ""TaiwanStation_JianNanLuJiannanRd_3"" with { short_name ""3"" coords { lat 121.556098; lon 25.084484 } layer 0 }",,,
BR16,Xihu,1,西湖站出口1,121.566647,25.082339,,TaiwanStation_XiHuXihu,TaiwanStation_XiHuXihu_1,"exit ""TaiwanStation_XiHuXihu_1"" with { short_name ""1"" coords { lat 121.566647; lon 25.082339 } layer 0 }",,,
BR16,Xihu,2,西湖站出口2,121.567141,25.082023,,TaiwanStation_XiHuXihu,TaiwanStation_XiHuXihu_2,"exit ""TaiwanStation_XiHuXihu_2"" with { short_name ""2"" coords { lat 121.567141; lon 25.082023 } layer 0 }",,,
BR17,Gangqian,1,港墘站出口1,121.57556,25.080152,,TaiwanStation_GangQiGangqian,TaiwanStation_GangQiGangqian_1,"exit ""TaiwanStation_GangQiGangqian_1"" with { short_name ""1"" coords { lat 121.57556; lon 25.080152 } layer 0 }",,,
BR17,Gangqian,2,港墘站出口2,121.574704,25.080065,,TaiwanStation_GangQiGangqian,TaiwanStation_GangQiGangqian_2,"exit ""TaiwanStation_GangQiGangqian_2"" with { short_name ""2"" coords { lat 121.574704; lon 25.080065 } layer 0 }",,,
BR18,Wende,1,文德站出口1,121.58564,25.078671,,TaiwanStation_WenDeWende,TaiwanStation_WenDeWende_1,"exit ""TaiwanStation_WenDeWende_1"" with { short_name ""1"" coords { lat 121.58564; lon 25.078671 } layer 0 }",,,
BR18,Wende,2,文德站出口2,121.58447,25.078408,,TaiwanStation_WenDeWende,TaiwanStation_WenDeWende_2,"exit ""TaiwanStation_WenDeWende_2"" with { short_name ""2"" coords { lat 121.58447; lon 25.078408 } layer 0 }",,,
BR19,Neihu,1,內湖站出口1,121.594266,25.083745,,TaiwanStation_NeiHuNeihu,TaiwanStation_NeiHuNeihu_1,"exit ""TaiwanStation_NeiHuNeihu_1"" with { short_name ""1"" coords { lat 121.594266; lon 25.083745 } layer 0 }",,,
BR19,Neihu,2,內湖站出口2,121.594612,25.083636,,TaiwanStation_NeiHuNeihu,TaiwanStation_NeiHuNeihu_2,"exit ""TaiwanStation_NeiHuNeihu_2"" with { short_name ""2"" coords { lat 121.594612; lon 25.083636 } layer 0 }",,,
BR20,Dahu Park,1,大湖公園站出口1,121.602377,25.083894,,TaiwanStation_DaHuGongYuanDahuPark,TaiwanStation_DaHuGongYuanDahuPark_1,"exit ""TaiwanStation_DaHuGongYuanDahuPark_1"" with { short_name ""1"" coords { lat 121.602377; lon 25.083894 } layer 0 }",,,
BR20,Dahu Park,2,大湖公園站出口2,121.60221,25.083675,,TaiwanStation_DaHuGongYuanDahuPark,TaiwanStation_DaHuGongYuanDahuPark_2,"exit ""TaiwanStation_DaHuGongYuanDahuPark_2"" with { short_name ""2"" coords { lat 121.60221; lon 25.083675 } layer 0 }",,,
BR21,Huzhou,1,葫洲站出口1,121.608047,25.072638,,TaiwanStation_HuZhouHuzhou,TaiwanStation_HuZhouHuzhou_1,"exit ""TaiwanStation_HuZhouHuzhou_1"" with { short_name ""1"" coords { lat 121.608047; lon 25.072638 } layer 0 }",,,
BR21,Huzhou,2,葫洲站出口2,121.607197,25.072534,,TaiwanStation_HuZhouHuzhou,TaiwanStation_HuZhouHuzhou_2,"exit ""TaiwanStation_HuZhouHuzhou_2"" with { short_name ""2"" coords { lat 121.607197; lon 25.072534 } layer 0 }",,,
BR22,Donghu,1,東湖站出口1,121.611129,25.067218,,TaiwanStation_DongHuDonghu,TaiwanStation_DongHuDonghu_1,"exit ""TaiwanStation_DongHuDonghu_1"" with { short_name ""1"" coords { lat 121.611129; lon 25.067218 } layer 0 }",,,
BR22,Donghu,2,東湖站出口2,121.611239,25.067111,,TaiwanStation_DongHuDonghu,TaiwanStation_DongHuDonghu_2,"exit ""TaiwanStation_DongHuDonghu_2"" with { short_name ""2"" coords { lat 121.611239; lon 25.067111 } layer 0 }",,,
BR22,Donghu,3,東湖站出口3,121.611724,25.067053,,TaiwanStation_DongHuDonghu,TaiwanStation_DongHuDonghu_3,"exit ""TaiwanStation_DongHuDonghu_3"" with { short_name ""3"" coords { lat 121.611724; lon 25.067053 } layer 0 }",,,
BR23,Nangang Software Park,1,南港軟體園區站出口1,121.615817,25.059995,,TaiwanStation_NanGangRuanTiYuanQuNangangSoftwarePark,TaiwanStation_NanGangRuanTiYuanQuNangangSoftwarePark_1,"exit ""TaiwanStation_NanGangRuanTiYuanQuNangangSoftwarePark_1"" with { short_name ""1"" coords { lat 121.615817; lon 25.059995 } layer 0 }",,,
BR23,Nangang Software Park,2,南港軟體園區站出口2,121.616091,25.059883,,TaiwanStation_NanGangRuanTiYuanQuNangangSoftwarePark,TaiwanStation_NanGangRuanTiYuanQuNangangSoftwarePark_2,"exit ""TaiwanStation_NanGangRuanTiYuanQuNangangSoftwarePark_2"" with { short_name ""2"" coords { lat 121.616091; lon 25.059883 } layer 0 }",,,
BR24,Taipei Nangang Exhibition Center,1,南港展覽館站出口1,121.616936,25.055847,,TaiwanStation_NanGangZhanLanGuanTaipeiNangangExhibitionCenter,TaiwanStation_NanGangZhanLanGuanTaipeiNangangExhibitionCenter_1,"exit ""TaiwanStation_NanGangZhanLanGuanTaipeiNangangExhibitionCenter_1"" with { short_name ""1"" coords { lat 121.616936; lon 25.055847 } layer 0 }",,,
BR24,Taipei Nangang Exhibition Center,2,南港展覽館站出口2,121.616984,25.055308,,TaiwanStation_NanGangZhanLanGuanTaipeiNangangExhibitionCenter,TaiwanStation_NanGangZhanLanGuanTaipeiNangangExhibitionCenter_2,"exit ""TaiwanStation_NanGangZhanLanGuanTaipeiNangangExhibitionCenter_2"" with { short_name ""2"" coords { lat 121.616984; lon 25.055308 } layer 0 }",,,
BR24,Taipei Nangang Exhibition Center,2A,南港展覽館站出口2A,121.617043,25.05524,,TaiwanStation_NanGangZhanLanGuanTaipeiNangangExhibitionCenter,TaiwanStation_NanGangZhanLanGuanTaipeiNangangExhibitionCenter_2A,"exit ""TaiwanStation_NanGangZhanLanGuanTaipeiNangangExhibitionCenter_2A"" with { short_name ""2A"" coords { lat 121.617043; lon 25.05524 } layer 0 }",,,
BR24,Taipei Nangang Exhibition Center,3,南港展覽館站出口3,121.618239,25.055123,,TaiwanStation_NanGangZhanLanGuanTaipeiNangangExhibitionCenter,TaiwanStation_NanGangZhanLanGuanTaipeiNangangExhibitionCenter_3,"exit ""TaiwanStation_NanGangZhanLanGuanTaipeiNangangExhibitionCenter_3"" with { short_name ""3"" coords { lat 121.618239; lon 25.055123 } layer 0 }",,,
BR24,Taipei Nangang Exhibition Center,4,南港展覽館站出口4,121.618266,25.055386,,TaiwanStation_NanGangZhanLanGuanTaipeiNangangExhibitionCenter,TaiwanStation_NanGangZhanLanGuanTaipeiNangangExhibitionCenter_4,"exit ""TaiwanStation_NanGangZhanLanGuanTaipeiNangangExhibitionCenter_4"" with { short_name ""4"" coords { lat 121.618266; lon 25.055386 } layer 0 }",,,
BR24,Taipei Nangang Exhibition Center,5,南港展覽館站出口5,121.616861,25.054917,,TaiwanStation_NanGangZhanLanGuanTaipeiNangangExhibitionCenter,TaiwanStation_NanGangZhanLanGuanTaipeiNangangExhibitionCenter_5,"exit ""TaiwanStation_NanGangZhanLanGuanTaipeiNangangExhibitionCenter_5"" with { short_name ""5"" coords { lat 121.616861; lon 25.054917 } layer 0 }",,,
BR24,Taipei Nangang Exhibition Center,6,南港展覽館站出口6,121.618183,25.054739,,TaiwanStation_NanGangZhanLanGuanTaipeiNangangExhibitionCenter,TaiwanStation_NanGangZhanLanGuanTaipeiNangangExhibitionCenter_6,"exit ""TaiwanStation_NanGangZhanLanGuanTaipeiNangangExhibitionCenter_6"" with { short_name ""6"" coords { lat 121.618183; lon 25.054739 } layer 0 }",,,
BR24,Taipei Nangang Exhibition Center,7,南港展覽館站出口7,121.618148,25.054035,,TaiwanStation_NanGangZhanLanGuanTaipeiNangangExhibitionCenter,TaiwanStation_NanGangZhanLanGuanTaipeiNangangExhibitionCenter_7,"exit ""TaiwanStation_NanGangZhanLanGuanTaipeiNangangExhibitionCenter_7"" with { short_name ""7"" coords { lat 121.618148; lon 25.054035 } layer 0 }",,,
G01,Xindian,0,新店站出口,121.537558,24.957877,,TaiwanStation_XinDianXindian,TaiwanStation_XinDianXindian_0,"exit ""TaiwanStation_XinDianXindian_0"" with { short_name ""0"" coords { lat 121.537558; lon 24.957877 } layer 0 }",,,
G02,Xindian District Office,1,新店區公所站出口1,121.541124,24.967393,,TaiwanStation_XinDianQuGongSuoXindianDistrictOffice,TaiwanStation_XinDianQuGongSuoXindianDistrictOffice_1,"exit ""TaiwanStation_XinDianQuGongSuoXindianDistrictOffice_1"" with { short_name ""1"" coords { lat 121.541124; lon 24.967393 } layer 0 }",,,
G02,Xindian District Office,2,新店區公所站出口2,121.541845,24.967986,,TaiwanStation_XinDianQuGongSuoXindianDistrictOffice,TaiwanStation_XinDianQuGongSuoXindianDistrictOffice_2,"exit ""TaiwanStation_XinDianQuGongSuoXindianDistrictOffice_2"" with { short_name ""2"" coords { lat 121.541845; lon 24.967986 } layer 0 }",,,
G03,Qizhang,1,七張站出口1,121.543068,24.975025,,TaiwanStation_QiZhangQizhang,TaiwanStation_QiZhangQizhang_1,"exit ""TaiwanStation_QiZhangQizhang_1"" with { short_name ""1"" coords { lat 121.543068; lon 24.975025 } layer 0 }",,,
G03,Qizhang,2,七張站出口2,121.542641,24.97691,,TaiwanStation_QiZhangQizhang,TaiwanStation_QiZhangQizhang_2,"exit ""TaiwanStation_QiZhangQizhang_2"" with { short_name ""2"" coords { lat 121.542641; lon 24.97691 } layer 0 }",,,
G04,Dapinglin,1,大坪林站出口1,121.540874,24.982754,,TaiwanStation_DaPingLinDapinglin,TaiwanStation_DaPingLinDapinglin_1,"exit ""TaiwanStation_DaPingLinDapinglin_1"" with { short_name ""1"" coords { lat 121.540874; lon 24.982754 } layer 0 }",,,
G04,Dapinglin,2,大坪林站出口2,121.541619,24.982051,,TaiwanStation_DaPingLinDapinglin,TaiwanStation_DaPingLinDapinglin_2,"exit ""TaiwanStation_DaPingLinDapinglin_2"" with { short_name ""2"" coords { lat 121.541619; lon 24.982051 } layer 0 }",,,
G04,Dapinglin,3,大坪林站出口3,121.541572,24.982982,,TaiwanStation_DaPingLinDapinglin,TaiwanStation_DaPingLinDapinglin_3,"exit ""TaiwanStation_DaPingLinDapinglin_3"" with { short_name ""3"" coords { lat 121.541572; lon 24.982982 } layer 0 }",,,
G04,Dapinglin,4,大坪林站出口4,121.541405,24.983539,,TaiwanStation_DaPingLinDapinglin,TaiwanStation_DaPingLinDapinglin_4,"exit ""TaiwanStation_DaPingLinDapinglin_4"" with { short_name ""4"" coords { lat 121.541405; lon 24.983539 } layer 0 }",,,
G05,Jingmei,1,景美站出口1,121.540933,24.992296,,TaiwanStation_JingMeiJingmei,TaiwanStation_JingMeiJingmei_1,"exit ""TaiwanStation_JingMeiJingmei_1"" with { short_name ""1"" coords { lat 121.540933; lon 24.992296 } layer 0 }",,,
G05,Jingmei,2,景美站出口2,121.541517,24.993069,,TaiwanStation_JingMeiJingmei,TaiwanStation_JingMeiJingmei_2,"exit ""TaiwanStation_JingMeiJingmei_2"" with { short_name ""2"" coords { lat 121.541517; lon 24.993069 } layer 0 }",,,
G05,Jingmei,3,景美站出口3,121.540546,24.992744,,TaiwanStation_JingMeiJingmei,TaiwanStation_JingMeiJingmei_3,"exit ""TaiwanStation_JingMeiJingmei_3"" with { short_name ""3"" coords { lat 121.540546; lon 24.992744 } layer 0 }",,,
G06,Wanlong,1,萬隆站出口1,121.538896,25.001367,,TaiwanStation_WanLongWanlong,TaiwanStation_WanLongWanlong_1,"exit ""TaiwanStation_WanLongWanlong_1"" with { short_name ""1"" coords { lat 121.538896; lon 25.001367 } layer 0 }",,,
G06,Wanlong,2,萬隆站出口2,121.539613,25.00151,,TaiwanStation_WanLongWanlong,TaiwanStation_WanLongWanlong_2,"exit ""TaiwanStation_WanLongWanlong_2"" with { short_name ""2"" coords { lat 121.539613; lon 25.00151 } layer 0 }",,,
G06,Wanlong,3,萬隆站出口3,121.539195,25.002215,,TaiwanStation_WanLongWanlong,TaiwanStation_WanLongWanlong_3,"exit ""TaiwanStation_WanLongWanlong_3"" with { short_name ""3"" coords { lat 121.539195; lon 25.002215 } layer 0 }",,,
G06,Wanlong,4,萬隆站出口4,121.538572,25.002676,,TaiwanStation_WanLongWanlong,TaiwanStation_WanLongWanlong_4,"exit ""TaiwanStation_WanLongWanlong_4"" with { short_name ""4"" coords { lat 121.538572; lon 25.002676 } layer 0 }",,,
G07,Gongguan,1,公館站出口1,121.534377,25.014509,,TaiwanStation_GongGuanGongguan,TaiwanStation_GongGuanGongguan_1,"exit ""TaiwanStation_GongGuanGongguan_1"" with { short_name ""1"" coords { lat 121.534377; lon 25.014509 } layer 0 }",,,
G07,Gongguan,2,公館站出口2,121.534721,25.014718,,TaiwanStation_GongGuanGongguan,TaiwanStation_GongGuanGongguan_2,"exit ""TaiwanStation_GongGuanGongguan_2"" with { short_name ""2"" coords { lat 121.534721; lon 25.014718 } layer 0 }",,,
G07,Gongguan,3,公館站出口3,121.534055,25.015413,,TaiwanStation_GongGuanGongguan,TaiwanStation_GongGuanGongguan_3,"exit ""TaiwanStation_GongGuanGongguan_3"" with { short_name ""3"" coords { lat 121.534055; lon 25.015413 } layer 0 }",,,
G07,Gongguan,4,公館站出口4,121.533623,25.015148,,TaiwanStation_GongGuanGongguan,TaiwanStation_GongGuanGongguan_4,"exit ""TaiwanStation_GongGuanGongguan_4"" with { short_name ""4"" coords { lat 121.533623; lon 25.015148 } layer 0 }",,,
G08,Taipower Building,1,台電大樓站出口1,121.528577,25.01962,,TaiwanStation_TaiDianDaLouTaipowerBuilding,TaiwanStation_TaiDianDaLouTaipowerBuilding_1,"exit ""TaiwanStation_TaiDianDaLouTaipowerBuilding_1"" with { short_name ""1"" coords { lat 121.528577; lon 25.01962 } layer 0 }",,,
G08,Taipower Building,2,台電大樓站出口2,121.529093,25.020192,,TaiwanStation_TaiDianDaLouTaipowerBuilding,TaiwanStation_TaiDianDaLouTaipowerBuilding_2,"exit ""TaiwanStation_TaiDianDaLouTaipowerBuilding_2"" with { short_name ""2"" coords { lat 121.529093; lon 25.020192 } layer 0 }",,,
G08,Taipower Building,3,台電大樓站出口3,121.527849,25.021179,,TaiwanStation_TaiDianDaLouTaipowerBuilding,TaiwanStation_TaiDianDaLouTaipowerBuilding_3,"exit ""TaiwanStation_TaiDianDaLouTaipowerBuilding_3"" with { short_name ""3"" coords { lat 121.527849; lon 25.021179 } layer 0 }",,,
G08,Taipower Building,4,台電大樓站出口4,121.527297,25.021018,,TaiwanStation_TaiDianDaLouTaipowerBuilding,TaiwanStation_TaiDianDaLouTaipowerBuilding_4,"exit ""TaiwanStation_TaiDianDaLouTaipowerBuilding_4"" with { short_name ""4"" coords { lat 121.527297; lon 25.021018 } layer 0 }",,,
G08,Taipower Building,5,台電大樓站出口5,121.527739,25.020758,,TaiwanStation_TaiDianDaLouTaipowerBuilding,TaiwanStation_TaiDianDaLouTaipowerBuilding_5,"exit ""TaiwanStation_TaiDianDaLouTaipowerBuilding_5"" with { short_name ""5"" coords { lat 121.527739; lon 25.020758 } layer 0 }",,,
G09,Guting,1,古亭站出口1,121.522973,25.025976,,TaiwanStation_GuTingGuting,TaiwanStation_GuTingGuting_1,"exit ""TaiwanStation_GuTingGuting_1"" with { short_name ""1"" coords { lat 121.522973; lon 25.025976 } layer 0 }",,,
G09,Guting,2,古亭站出口2,121.523353,25.025502,,TaiwanStation_GuTingGuting,TaiwanStation_GuTingGuting_2,"exit ""TaiwanStation_GuTingGuting_2"" with { short_name ""2"" coords { lat 121.523353; lon 25.025502 } layer 0 }",,,
G09,Guting,3,古亭站出口3,121.523353,25.026078,,TaiwanStation_GuTingGuting,TaiwanStation_GuTingGuting_3,"exit ""TaiwanStation_GuTingGuting_3"" with { short_name ""3"" coords { lat 121.523353; lon 25.026078 } layer 0 }",,,
G09,Guting,4,古亭站出口4,121.523069,25.026424,,TaiwanStation_GuTingGuting,TaiwanStation_GuTingGuting_4,"exit ""TaiwanStation_GuTingGuting_4"" with { short_name ""4"" coords { lat 121.523069; lon 25.026424 } layer 0 }",,,
G09,Guting,5,古亭站出口5,121.522873,25.027184,,TaiwanStation_GuTingGuting,TaiwanStation_GuTingGuting_5,"exit ""TaiwanStation_GuTingGuting_5"" with { short_name ""5"" coords { lat 121.522873; lon 25.027184 } layer 0 }",,,
G09,Guting,6,古亭站出口6,121.522297,25.027537,,TaiwanStation_GuTingGuting,TaiwanStation_GuTingGuting_6,"exit ""TaiwanStation_GuTingGuting_6"" with { short_name ""6"" coords { lat 121.522297; lon 25.027537 } layer 0 }",,,
G09,Guting,7,古亭站出口7,121.521937,25.02742,,TaiwanStation_GuTingGuting,TaiwanStation_GuTingGuting_7,"exit ""TaiwanStation_GuTingGuting_7"" with { short_name ""7"" coords { lat 121.521937; lon 25.02742 } layer 0 }",,,
G09,Guting,8,古亭站出口8,121.521894,25.027056,,TaiwanStation_GuTingGuting,TaiwanStation_GuTingGuting_8,"exit ""TaiwanStation_GuTingGuting_8"" with { short_name ""8"" coords { lat 121.521894; lon 25.027056 } layer 0 }",,,
G09,Guting,9,古亭站出口9,121.522404,25.026798,,TaiwanStation_GuTingGuting,TaiwanStation_GuTingGuting_9,"exit ""TaiwanStation_GuTingGuting_9"" with { short_name ""9"" coords { lat 121.522404; lon 25.026798 } layer 0 }",,,
G11,Xiaonanmen,1,小南門站出口1,121.509752,25.036434,,TaiwanStation_XiaoNanMenXiaonanmen,TaiwanStation_XiaoNanMenXiaonanmen_1,"exit ""TaiwanStation_XiaoNanMenXiaonanmen_1"" with { short_name ""1"" coords { lat 121.509752; lon 25.036434 } layer 0 }",,,
G11,Xiaonanmen,2,小南門站出口2,121.509865,25.035736,,TaiwanStation_XiaoNanMenXiaonanmen,TaiwanStation_XiaoNanMenXiaonanmen_2,"exit ""TaiwanStation_XiaoNanMenXiaonanmen_2"" with { short_name ""2"" coords { lat 121.509865; lon 25.035736 } layer 0 }",,,
G11,Xiaonanmen,3,小南門站出口3,121.510988,25.035309,,TaiwanStation_XiaoNanMenXiaonanmen,TaiwanStation_XiaoNanMenXiaonanmen_3,"exit ""TaiwanStation_XiaoNanMenXiaonanmen_3"" with { short_name ""3"" coords { lat 121.510988; lon 25.035309 } layer 0 }",,,
G11,Xiaonanmen,4,小南門站出口4,121.511455,25.035226,,TaiwanStation_XiaoNanMenXiaonanmen,TaiwanStation_XiaoNanMenXiaonanmen_4,"exit ""TaiwanStation_XiaoNanMenXiaonanmen_4"" with { short_name ""4"" coords { lat 121.511455; lon 25.035226 } layer 0 }",,,
G13,Beimen,1,北門站出口1,121.509862,25.048737,,TaiwanStation_BeiMenBeimen,TaiwanStation_BeiMenBeimen_1,"exit ""TaiwanStation_BeiMenBeimen_1"" with { short_name ""1"" coords { lat 121.509862; lon 25.048737 } layer 0 }",,,
G13,Beimen,2,北門站出口2,121.510506,25.049583,,TaiwanStation_BeiMenBeimen,TaiwanStation_BeiMenBeimen_2,"exit ""TaiwanStation_BeiMenBeimen_2"" with { short_name ""2"" coords { lat 121.510506; lon 25.049583 } layer 0 }",,,
G13,Beimen,3,北門站出口3,121.510227,25.049943,,TaiwanStation_BeiMenBeimen,TaiwanStation_BeiMenBeimen_3,"exit ""TaiwanStation_BeiMenBeimen_3"" with { short_name ""3"" coords { lat 121.510227; lon 25.049943 } layer 0 }",,,
G17,Taipei Arena,1,台北小巨蛋站出口1,121.55153,25.051836,,TaiwanStation_TaiBeiXiaoJuDanTaipeiArena,TaiwanStation_TaiBeiXiaoJuDanTaipeiArena_1,"exit ""TaiwanStation_TaiBeiXiaoJuDanTaipeiArena_1"" with { short_name ""1"" coords { lat 121.55153; lon 25.051836 } layer 0 }",,,
G17,Taipei Arena,2,台北小巨蛋站出口2,121.550715,25.051571,,TaiwanStation_TaiBeiXiaoJuDanTaipeiArena,TaiwanStation_TaiBeiXiaoJuDanTaipeiArena_2,"exit ""TaiwanStation_TaiBeiXiaoJuDanTaipeiArena_2"" with { short_name ""2"" coords { lat 121.550715; lon 25.051571 } layer 0 }",,,
G17,Taipei Arena,3,台北小巨蛋站出口3,121.552549,25.05152,,TaiwanStation_TaiBeiXiaoJuDanTaipeiArena,TaiwanStation_TaiBeiXiaoJuDanTaipeiArena_3,"exit ""TaiwanStation_TaiBeiXiaoJuDanTaipeiArena_3"" with { short_name ""3"" coords { lat 121.552549; lon 25.05152 } layer 0 }",,,
G17,Taipei Arena,4,台北小巨蛋站出口4,121.552898,25.051534,,TaiwanStation_TaiBeiXiaoJuDanTaipeiArena,TaiwanStation_TaiBeiXiaoJuDanTaipeiArena_4,"exit ""TaiwanStation_TaiBeiXiaoJuDanTaipeiArena_4"" with { short_name ""4"" coords { lat 121.552898; lon 25.051534 } layer 0 }",,,
G17,Taipei Arena,5,台北小巨蛋站出口5,121.552069,25.051838,,TaiwanStation_TaiBeiXiaoJuDanTaipeiArena,TaiwanStation_TaiBeiXiaoJuDanTaipeiArena_5,"exit ""TaiwanStation_TaiBeiXiaoJuDanTaipeiArena_5"" with { short_name ""5"" coords { lat 121.552069; lon 25.051838 } layer 0 }",,,
G18,Nanjing Sanmin,1,南京三民站出口1,121.563643,25.051517,,TaiwanStation_NanJingSanMinNanjingSanmin,TaiwanStation_NanJingSanMinNanjingSanmin_1,"exit ""TaiwanStation_NanJingSanMinNanjingSanmin_1"" with { short_name ""1"" coords { lat 121.563643; lon 25.051517 } layer 0 }",,,
G18,Nanjing Sanmin,2,南京三民站出口2,121.563073,25.051215,,TaiwanStation_NanJingSanMinNanjingSanmin,TaiwanStation_NanJingSanMinNanjingSanmin_2,"exit ""TaiwanStation_NanJingSanMinNanjingSanmin_2"" with { short_name ""2"" coords { lat 121.563073; lon 25.051215 } layer 0 }",,,
G18,Nanjing Sanmin,3,南京三民站出口3,121.564595,25.051328,,TaiwanStation_NanJingSanMinNanjingSanmin,TaiwanStation_NanJingSanMinNanjingSanmin_3,"exit ""TaiwanStation_NanJingSanMinNanjingSanmin_3"" with { short_name ""3"" coords { lat 121.564595; lon 25.051328 } layer 0 }",,,
G18,Nanjing Sanmin,4,南京三民站出口4,121.56471,25.051588,,TaiwanStation_NanJingSanMinNanjingSanmin,TaiwanStation_NanJingSanMinNanjingSanmin_4,"exit ""TaiwanStation_NanJingSanMinNanjingSanmin_4"" with { short_name ""4"" coords { lat 121.56471; lon 25.051588 } layer 0 }",,,
G19,Songshan,1,松山站出口1,121.577022,25.050171,,TaiwanStation_SongShanSongshan,TaiwanStation_SongShanSongshan_1,"exit ""TaiwanStation_SongShanSongshan_1"" with { short_name ""1"" coords { lat 121.577022; lon 25.050171 } layer 0 }",,,
G19,Songshan,2,松山站出口2,121.576244,25.050171,,TaiwanStation_SongShanSongshan,TaiwanStation_SongShanSongshan_2,"exit ""TaiwanStation_SongShanSongshan_2"" with { short_name ""2"" coords { lat 121.576244; lon 25.050171 } layer 0 }",,,
G19,Songshan,3,松山站出口3,121.577464,25.049799,,TaiwanStation_SongShanSongshan,TaiwanStation_SongShanSongshan_3,"exit ""TaiwanStation_SongShanSongshan_3"" with { short_name ""3"" coords { lat 121.577464; lon 25.049799 } layer 0 }",,,
G19,Songshan,4,松山站出口4,121.577971,25.049799,,TaiwanStation_SongShanSongshan,TaiwanStation_SongShanSongshan_4,"exit ""TaiwanStation_SongShanSongshan_4"" with { short_name ""4"" coords { lat 121.577971; lon 25.049799 } layer 0 }",,,
G19,Songshan,5,松山站出口5,121.57813,25.050557,,TaiwanStation_SongShanSongshan,TaiwanStation_SongShanSongshan_5,"exit ""TaiwanStation_SongShanSongshan_5"" with { short_name ""5"" coords { lat 121.57813; lon 25.050557 } layer 0 }",,,
G03A,Xiaobitan,1,小碧潭站出口1,121.530311,24.971684,,TaiwanStation_XiaoBiTanXiaobitan,TaiwanStation_XiaoBiTanXiaobitan_1,"exit ""TaiwanStation_XiaoBiTanXiaobitan_1"" with { short_name ""1"" coords { lat 121.530311; lon 24.971684 } layer 0 }",,,
G03A,Xiaobitan,2,小碧潭站出口2,121.52995,24.973192,,TaiwanStation_XiaoBiTanXiaobitan,TaiwanStation_XiaoBiTanXiaobitan_2,"exit ""TaiwanStation_XiaoBiTanXiaobitan_2"" with { short_name ""2"" coords { lat 121.52995; lon 24.973192 } layer 0 }",,,
O01,Nanshijiao,1,南勢角站出口1,121.508639,24.990016,,TaiwanStation_NanShiJiaoNanshijiao,TaiwanStation_NanShiJiaoNanshijiao_1,"exit ""TaiwanStation_NanShiJiaoNanshijiao_1"" with { short_name ""1"" coords { lat 121.508639; lon 24.990016 } layer 0 }",,,
O01,Nanshijiao,2,南勢角站出口2,121.508853,24.989919,,TaiwanStation_NanShiJiaoNanshijiao,TaiwanStation_NanShiJiaoNanshijiao_2,"exit ""TaiwanStation_NanShiJiaoNanshijiao_2"" with { short_name ""2"" coords { lat 121.508853; lon 24.989919 } layer 0 }",,,
O01,Nanshijiao,3,南勢角站出口3,121.509395,24.989651,,TaiwanStation_NanShiJiaoNanshijiao,TaiwanStation_NanShiJiaoNanshijiao_3,"exit ""TaiwanStation_NanShiJiaoNanshijiao_3"" with { short_name ""3"" coords { lat 121.509395; lon 24.989651 } layer 0 }",,,
O01,Nanshijiao,4,南勢角站出口4,121.509776,24.989486,,TaiwanStation_NanShiJiaoNanshijiao,TaiwanStation_NanShiJiaoNanshijiao_4,"exit ""TaiwanStation_NanShiJiaoNanshijiao_4"" with { short_name ""4"" coords { lat 121.509776; lon 24.989486 } layer 0 }",,,
O02,Jingan,0,景安站出口,121.504632,24.993731,,TaiwanStation_JingAnJingan,TaiwanStation_JingAnJingan_0,"exit ""TaiwanStation_JingAnJingan_0"" with { short_name ""0"" coords { lat 121.504632; lon 24.993731 } layer 0 }",,,
O03,Yongan Market,0,永安市場站出口,121.510962,25.002375,,TaiwanStation_YongAnShiChangYonganMarket,TaiwanStation_YongAnShiChangYonganMarket_0,"exit ""TaiwanStation_YongAnShiChangYonganMarket_0"" with { short_name ""0"" coords { lat 121.510962; lon 25.002375 } layer 0 }",,,
O04,Dingxi,1,頂溪站出口1,121.515414,25.012895,,TaiwanStation_DingXiDingxi,TaiwanStation_DingXiDingxi_1,"exit ""TaiwanStation_DingXiDingxi_1"" with { short_name ""1"" coords { lat 121.515414; lon 25.012895 } layer 0 }",,,
O04,Dingxi,2,頂溪站出口2,121.515446,25.014222,,TaiwanStation_DingXiDingxi,TaiwanStation_DingXiDingxi_2,"exit ""TaiwanStation_DingXiDingxi_2"" with { short_name ""2"" coords { lat 121.515446; lon 25.014222 } layer 0 }",,,
O06,Dongmen,1,東門站出口1,121.527994,25.034157,,TaiwanStation_DongMenDongmen,TaiwanStation_DongMenDongmen_1,"exit ""TaiwanStation_DongMenDongmen_1"" with { short_name ""1"" coords { lat 121.527994; lon 25.034157 } layer 0 }",,,
O06,Dongmen,2,東門站出口2,121.527565,25.03422,,TaiwanStation_DongMenDongmen,TaiwanStation_DongMenDongmen_2,"exit ""TaiwanStation_DongMenDongmen_2"" with { short_name ""2"" coords { lat 121.527565; lon 25.03422 } layer 0 }",,,
O06,Dongmen,3,東門站出口3,121.527854,25.033676,,TaiwanStation_DongMenDongmen,TaiwanStation_DongMenDongmen_3,"exit ""TaiwanStation_DongMenDongmen_3"" with { short_name ""3"" coords { lat 121.527854; lon 25.033676 } layer 0 }",,,
O06,Dongmen,4,東門站出口4,121.528879,25.033646,,TaiwanStation_DongMenDongmen,TaiwanStation_DongMenDongmen_4,"exit ""TaiwanStation_DongMenDongmen_4"" with { short_name ""4"" coords { lat 121.528879; lon 25.033646 } layer 0 }",,,
O06,Dongmen,5,東門站出口5,121.529506,25.033564,,TaiwanStation_DongMenDongmen,TaiwanStation_DongMenDongmen_5,"exit ""TaiwanStation_DongMenDongmen_5"" with { short_name ""5"" coords { lat 121.529506; lon 25.033564 } layer 0 }",,,
O06,Dongmen,6,東門站出口6,121.529957,25.033924,,TaiwanStation_DongMenDongmen,TaiwanStation_DongMenDongmen_6,"exit ""TaiwanStation_DongMenDongmen_6"" with { short_name ""6"" coords { lat 121.529957; lon 25.033924 } layer 0 }",,,
O06,Dongmen,7,東門站出口7,121.529678,25.033962,,TaiwanStation_DongMenDongmen,TaiwanStation_DongMenDongmen_7,"exit ""TaiwanStation_DongMenDongmen_7"" with { short_name ""7"" coords { lat 121.529678; lon 25.033962 } layer 0 }",,,
O06,Dongmen,8,東門站出口8,121.528965,25.034074,,TaiwanStation_DongMenDongmen,TaiwanStation_DongMenDongmen_8,"exit ""TaiwanStation_DongMenDongmen_8"" with { short_name ""8"" coords { lat 121.528965; lon 25.034074 } layer 0 }",,,
O08,Songjiang Nanjing,1,松江南京站出口1,121.532388,25.051842,,TaiwanStation_SongJiangNanJingSongjiangNanjing,TaiwanStation_SongJiangNanJingSongjiangNanjing_1,"exit ""TaiwanStation_SongJiangNanJingSongjiangNanjing_1"" with { short_name ""1"" coords { lat 121.532388; lon 25.051842 } layer 0 }",,,
O08,Songjiang Nanjing,2,松江南京站出口2,121.532875,25.051342,,TaiwanStation_SongJiangNanJingSongjiangNanjing,TaiwanStation_SongJiangNanJingSongjiangNanjing_2,"exit ""TaiwanStation_SongJiangNanJingSongjiangNanjing_2"" with { short_name ""2"" coords { lat 121.532875; lon 25.051342 } layer 0 }",,,
O08,Songjiang Nanjing,3,松江南京站出口3,121.53287,25.051085,,TaiwanStation_SongJiangNanJingSongjiangNanjing,TaiwanStation_SongJiangNanJingSongjiangNanjing_3,"exit ""TaiwanStation_SongJiangNanJingSongjiangNanjing_3"" with { short_name ""3"" coords { lat 121.53287; lon 25.051085 } layer 0 }",,,
O08,Songjiang Nanjing,4,松江南京站出口4,121.53324,25.051624,,TaiwanStation_SongJiangNanJingSongjiangNanjing,TaiwanStation_SongJiangNanJingSongjiangNanjing_4,"exit ""TaiwanStation_SongJiangNanJingSongjiangNanjing_4"" with { short_name ""4"" coords { lat 121.53324; lon 25.051624 } layer 0 }",,,
O08,Songjiang Nanjing,5,松江南京站出口5,121.534081,25.051882,,TaiwanStation_SongJiangNanJingSongjiangNanjing,TaiwanStation_SongJiangNanJingSongjiangNanjing_5,"exit ""TaiwanStation_SongJiangNanJingSongjiangNanjing_5"" with { short_name ""5"" coords { lat 121.534081; lon 25.051882 } layer 0 }",,,
O08,Songjiang Nanjing,6,松江南京站出口6,121.533727,25.052095,,TaiwanStation_SongJiangNanJingSongjiangNanjing,TaiwanStation_SongJiangNanJingSongjiangNanjing_6,"exit ""TaiwanStation_SongJiangNanJingSongjiangNanjing_6"" with { short_name ""6"" coords { lat 121.533727; lon 25.052095 } layer 0 }",,,
O08,Songjiang Nanjing,7,松江南京站出口7,121.533195,25.05247,,TaiwanStation_SongJiangNanJingSongjiangNanjing,TaiwanStation_SongJiangNanJingSongjiangNanjing_7,"exit ""TaiwanStation_SongJiangNanJingSongjiangNanjing_7"" with { short_name ""7"" coords { lat 121.533195; lon 25.05247 } layer 0 }",,,
O08,Songjiang Nanjing,8,松江南京站出口8,121.532826,25.05257,,TaiwanStation_SongJiangNanJingSongjiangNanjing,TaiwanStation_SongJiangNanJingSongjiangNanjing_8,"exit ""TaiwanStation_SongJiangNanJingSongjiangNanjing_8"" with { short_name ""8"" coords { lat 121.532826; lon 25.05257 } layer 0 }",,,
O09,Xingtian Temple,1,行天宮站出口1,121.533004,25.058316,,TaiwanStation_XingTianGongXingtianTemple,TaiwanStation_XingTianGongXingtianTemple_1,"exit ""TaiwanStation_XingTianGongXingtianTemple_1"" with { short_name ""1"" coords { lat 121.533004; lon 25.058316 } layer 0 }",,,
O09,Xingtian Temple,2,行天宮站出口2,121.533342,25.058792,,TaiwanStation_XingTianGongXingtianTemple,TaiwanStation_XingTianGongXingtianTemple_2,"exit ""TaiwanStation_XingTianGongXingtianTemple_2"" with { short_name ""2"" coords { lat 121.533342; lon 25.058792 } layer 0 }",,,
O09,Xingtian Temple,3,行天宮站出口3,121.533393,25.059868,,TaiwanStation_XingTianGongXingtianTemple,TaiwanStation_XingTianGongXingtianTemple_3,"exit ""TaiwanStation_XingTianGongXingtianTemple_3"" with { short_name ""3"" coords { lat 121.533393; lon 25.059868 } layer 0 }",,,
O09,Xingtian Temple,4,行天宮站出口4,121.532991,25.060365,,TaiwanStation_XingTianGongXingtianTemple,TaiwanStation_XingTianGongXingtianTemple_4,"exit ""TaiwanStation_XingTianGongXingtianTemple_4"" with { short_name ""4"" coords { lat 121.532991; lon 25.060365 } layer 0 }",,,
O10,Zhongshan Elementary School,1,中山國小站出口1,121.526095,25.06284,,TaiwanStation_ZhongShanGuoXiaoZhongshanElementarySchool,TaiwanStation_ZhongShanGuoXiaoZhongshanElementarySchool_1,"exit ""TaiwanStation_ZhongShanGuoXiaoZhongshanElementarySchool_1"" with { short_name ""1"" coords { lat 121.526095; lon 25.06284 } layer 0 }",,,
O10,Zhongshan Elementary School,2,中山國小站出口2,121.526148,25.062461,,TaiwanStation_ZhongShanGuoXiaoZhongshanElementarySchool,TaiwanStation_ZhongShanGuoXiaoZhongshanElementarySchool_2,"exit ""TaiwanStation_ZhongShanGuoXiaoZhongshanElementarySchool_2"" with { short_name ""2"" coords { lat 121.526148; lon 25.062461 } layer 0 }",,,
O10,Zhongshan Elementary School,3,中山國小站出口3,121.527114,25.062476,,TaiwanStation_ZhongShanGuoXiaoZhongshanElementarySchool,TaiwanStation_ZhongShanGuoXiaoZhongshanElementarySchool_3,"exit ""TaiwanStation_ZhongShanGuoXiaoZhongshanElementarySchool_3"" with { short_name ""3"" coords { lat 121.527114; lon 25.062476 } layer 0 }",,,
O10,Zhongshan Elementary School,4,中山國小站出口4,121.526835,25.062835,,TaiwanStation_ZhongShanGuoXiaoZhongshanElementarySchool,TaiwanStation_ZhongShanGuoXiaoZhongshanElementarySchool_4,"exit ""TaiwanStation_ZhongShanGuoXiaoZhongshanElementarySchool_4"" with { short_name ""4"" coords { lat 121.526835; lon 25.062835 } layer 0 }",,,
O12,Daqiaotou,1,大橋頭站出口1,121.512319,25.06318,,TaiwanStation_DaQiaoTouDaqiaotou,TaiwanStation_DaQiaoTouDaqiaotou_1,"exit ""TaiwanStation_DaQiaoTouDaqiaotou_1"" with { short_name ""1"" coords { lat 121.512319; lon 25.06318 } layer 0 }",,,
O12,Daqiaotou,2,大橋頭站出口2,121.513258,25.063195,,TaiwanStation_DaQiaoTouDaqiaotou,TaiwanStation_DaQiaoTouDaqiaotou_2,"exit ""TaiwanStation_DaQiaoTouDaqiaotou_2"" with { short_name ""2"" coords { lat 121.513258; lon 25.063195 } layer 0 }",,,
O12,Daqiaotou,3,大橋頭站出口3,121.51344,25.063739,,TaiwanStation_DaQiaoTouDaqiaotou,TaiwanStation_DaQiaoTouDaqiaotou_3,"exit ""TaiwanStation_DaQiaoTouDaqiaotou_3"" with { short_name ""3"" coords { lat 121.51344; lon 25.063739 } layer 0 }",,,
O50,Sanchong Elementary School,0,三重國小站出口,121.496656,25.070536,,TaiwanStation_SanZhongGuoXiaoSanchongElementarySchool,TaiwanStation_SanZhongGuoXiaoSanchongElementarySchool_0,"exit ""TaiwanStation_SanZhongGuoXiaoSanchongElementarySchool_0"" with { short_name ""0"" coords { lat 121.496656; lon 25.070536 } layer 0 }",,,
O13,Taipei Bridge,0,臺北橋站出口,121.500281,25.062966,,TaiwanStation_TaiBeiQiaoTaipeiBridge,TaiwanStation_TaiBeiQiaoTaipeiBridge_0,"exit ""TaiwanStation_TaiBeiQiaoTaipeiBridge_0"" with { short_name ""0"" coords { lat 121.500281; lon 25.062966 } layer 0 }",,,
O51,Sanhe Junior High School,1,三和國中站出口1,121.486398,25.076586,,TaiwanStation_SanHeGuoZhongSanheJuniorHighSchool,TaiwanStation_SanHeGuoZhongSanheJuniorHighSchool_1,"exit ""TaiwanStation_SanHeGuoZhongSanheJuniorHighSchool_1"" with { short_name ""1"" coords { lat 121.486398; lon 25.076586 } layer 0 }",,,
O14,Cailiao,1,菜寮站出口1,121.490673,25.05971,,TaiwanStation_CaiLiaoCailiao,TaiwanStation_CaiLiaoCailiao_1,"exit ""TaiwanStation_CaiLiaoCailiao_1"" with { short_name ""1"" coords { lat 121.490673; lon 25.05971 } layer 0 }",,,
O51,Sanhe Junior High School,2,三和國中站出口2,121.486752,25.076946,,TaiwanStation_SanHeGuoZhongSanheJuniorHighSchool,TaiwanStation_SanHeGuoZhongSanheJuniorHighSchool_2,"exit ""TaiwanStation_SanHeGuoZhongSanheJuniorHighSchool_2"" with { short_name ""2"" coords { lat 121.486752; lon 25.076946 } layer 0 }",,,
O14,Cailiao,2,菜寮站出口2,121.491106,25.059287,,TaiwanStation_CaiLiaoCailiao,TaiwanStation_CaiLiaoCailiao_2,"exit ""TaiwanStation_CaiLiaoCailiao_2"" with { short_name ""2"" coords { lat 121.491106; lon 25.059287 } layer 0 }",,,
O14,Cailiao,3,菜寮站出口3,121.492111,25.060556,,TaiwanStation_CaiLiaoCailiao,TaiwanStation_CaiLiaoCailiao_3,"exit ""TaiwanStation_CaiLiaoCailiao_3"" with { short_name ""3"" coords { lat 121.492111; lon 25.060556 } layer 0 }",,,
O15,Sanchong,1,三重站出口1,121.483748,25.055303,,TaiwanStation_SanZhongSanchong,TaiwanStation_SanZhongSanchong_1,"exit ""TaiwanStation_SanZhongSanchong_1"" with { short_name ""1"" coords { lat 121.483748; lon 25.055303 } layer 0 }",,,
O52,St.lgnatius High School,1,徐匯中學站出口1,121.47988,25.080303,,TaiwanStation_XuHuiZhongXueStlgnatiusHighSchool,TaiwanStation_XuHuiZhongXueStlgnatiusHighSchool_1,"exit ""TaiwanStation_XuHuiZhongXueStlgnatiusHighSchool_1"" with { short_name ""1"" coords { lat 121.47988; lon 25.080303 } layer 0 }",,,
O15,Sanchong,2,三重站出口2,121.484451,25.055429,,TaiwanStation_SanZhongSanchong,TaiwanStation_SanZhongSanchong_2,"exit ""TaiwanStation_SanZhongSanchong_2"" with { short_name ""2"" coords { lat 121.484451; lon 25.055429 } layer 0 }",,,
O52,St.lgnatius High School,2,徐匯中學站出口2,121.480583,25.080332,,TaiwanStation_XuHuiZhongXueStlgnatiusHighSchool,TaiwanStation_XuHuiZhongXueStlgnatiusHighSchool_2,"exit ""TaiwanStation_XuHuiZhongXueStlgnatiusHighSchool_2"" with { short_name ""2"" coords { lat 121.480583; lon 25.080332 } layer 0 }",,,
O15,Sanchong,3,三重站出口3,121.485282,25.056134,,TaiwanStation_SanZhongSanchong,TaiwanStation_SanZhongSanchong_3,"exit ""TaiwanStation_SanZhongSanchong_3"" with { short_name ""3"" coords { lat 121.485282; lon 25.056134 } layer 0 }",,,
O53,Sanmin Senior High School,1,三民高中站出口1,121.472542,25.085494,,TaiwanStation_SanMinGaoZhongSanminSeniorHighSchool,TaiwanStation_SanMinGaoZhongSanminSeniorHighSchool_1,"exit ""TaiwanStation_SanMinGaoZhongSanminSeniorHighSchool_1"" with { short_name ""1"" coords { lat 121.472542; lon 25.085494 } layer 0 }",,,
O16,Xianse Temple,1,先嗇宮站出口1,121.471319,25.046497,,TaiwanStation_XianSeGongXianseTemple,TaiwanStation_XianSeGongXianseTemple_1,"exit ""TaiwanStation_XianSeGongXianseTemple_1"" with { short_name ""1"" coords { lat 121.471319; lon 25.046497 } layer 0 }",,,
O53,Sanmin Senior High School,2,三民高中站出口2,121.473739,25.085791,,TaiwanStation_SanMinGaoZhongSanminSeniorHighSchool,TaiwanStation_SanMinGaoZhongSanminSeniorHighSchool_2,"exit ""TaiwanStation_SanMinGaoZhongSanminSeniorHighSchool_2"" with { short_name ""2"" coords { lat 121.473739; lon 25.085791 } layer 0 }",,,
O16,Xianse Temple,2,先嗇宮站出口2,121.471372,25.046094,,TaiwanStation_XianSeGongXianseTemple,TaiwanStation_XianSeGongXianseTemple_2,"exit ""TaiwanStation_XianSeGongXianseTemple_2"" with { short_name ""2"" coords { lat 121.471372; lon 25.046094 } layer 0 }",,,
O16,Xianse Temple,3,先嗇宮站出口3,121.471801,25.046239,,TaiwanStation_XianSeGongXianseTemple,TaiwanStation_XianSeGongXianseTemple_3,"exit ""TaiwanStation_XianSeGongXianseTemple_3"" with { short_name ""3"" coords { lat 121.471801; lon 25.046239 } layer 0 }",,,
O54,Luzhou,1,蘆洲站出口1,121.464565,25.091463,,TaiwanStation_LuZhouLuzhou,TaiwanStation_LuZhouLuzhou_1,"exit ""TaiwanStation_LuZhouLuzhou_1"" with { short_name ""1"" coords { lat 121.464565; lon 25.091463 } layer 0 }",,,
O17,Touqianzhuang,1,頭前庄站出口1,121.460783,25.03963,,TaiwanStation_TouQianZhuangTouqianzhuang,TaiwanStation_TouQianZhuangTouqianzhuang_1,"exit ""TaiwanStation_TouQianZhuangTouqianzhuang_1"" with { short_name ""1"" coords { lat 121.460783; lon 25.03963 } layer 0 }",,,
O54,Luzhou,2,蘆洲站出口2,121.464597,25.091609,,TaiwanStation_LuZhouLuzhou,TaiwanStation_LuZhouLuzhou_2,"exit ""TaiwanStation_LuZhouLuzhou_2"" with { short_name ""2"" coords { lat 121.464597; lon 25.091609 } layer 0 }",,,
O17,Touqianzhuang,2,頭前庄站出口2,121.460931,25.039068,,TaiwanStation_TouQianZhuangTouqianzhuang,TaiwanStation_TouQianZhuangTouqianzhuang_2,"exit ""TaiwanStation_TouQianZhuangTouqianzhuang_2"" with { short_name ""2"" coords { lat 121.460931; lon 25.039068 } layer 0 }",,,
O54,Luzhou,3,蘆洲站出口3,121.464425,25.091618,,TaiwanStation_LuZhouLuzhou,TaiwanStation_LuZhouLuzhou_3,"exit ""TaiwanStation_LuZhouLuzhou_3"" with { short_name ""3"" coords { lat 121.464425; lon 25.091618 } layer 0 }",,,
O17,Touqianzhuang,3,頭前庄站出口3,121.462247,25.039853,,TaiwanStation_TouQianZhuangTouqianzhuang,TaiwanStation_TouQianZhuangTouqianzhuang_3,"exit ""TaiwanStation_TouQianZhuangTouqianzhuang_3"" with { short_name ""3"" coords { lat 121.462247; lon 25.039853 } layer 0 }",,,
O17,Touqianzhuang,4,頭前庄站出口4,121.462242,25.040485,,TaiwanStation_TouQianZhuangTouqianzhuang,TaiwanStation_TouQianZhuangTouqianzhuang_4,"exit ""TaiwanStation_TouQianZhuangTouqianzhuang_4"" with { short_name ""4"" coords { lat 121.462242; lon 25.040485 } layer 0 }",,,
O18,Xinzhuang,1,新莊站出口1,121.452168,25.03615,,TaiwanStation_XinZhuangXinzhuang,TaiwanStation_XinZhuangXinzhuang_1,"exit ""TaiwanStation_XinZhuangXinzhuang_1"" with { short_name ""1"" coords { lat 121.452168; lon 25.03615 } layer 0 }",,,
O18,Xinzhuang,2,新莊站出口2,121.4525,25.036014,,TaiwanStation_XinZhuangXinzhuang,TaiwanStation_XinZhuangXinzhuang_2,"exit ""TaiwanStation_XinZhuangXinzhuang_2"" with { short_name ""2"" coords { lat 121.4525; lon 25.036014 } layer 0 }",,,
O19,Fu Jen University,1,輔大站出口1,121.435264,25.032932,,TaiwanStation_FuDaFuJenUniversity,TaiwanStation_FuDaFuJenUniversity_1,"exit ""TaiwanStation_FuDaFuJenUniversity_1"" with { short_name ""1"" coords { lat 121.435264; lon 25.032932 } layer 0 }",,,
O19,Fu Jen University,2,輔大站出口2,121.435277,25.032315,,TaiwanStation_FuDaFuJenUniversity,TaiwanStation_FuDaFuJenUniversity_2,"exit ""TaiwanStation_FuDaFuJenUniversity_2"" with { short_name ""2"" coords { lat 121.435277; lon 25.032315 } layer 0 }",,,
O19,Fu Jen University,3,輔大站出口3,121.436541,25.032776,,TaiwanStation_FuDaFuJenUniversity,TaiwanStation_FuDaFuJenUniversity_3,"exit ""TaiwanStation_FuDaFuJenUniversity_3"" with { short_name ""3"" coords { lat 121.436541; lon 25.032776 } layer 0 }",,,
O19,Fu Jen University,4,輔大站出口4,121.43652,25.033175,,TaiwanStation_FuDaFuJenUniversity,TaiwanStation_FuDaFuJenUniversity_4,"exit ""TaiwanStation_FuDaFuJenUniversity_4"" with { short_name ""4"" coords { lat 121.43652; lon 25.033175 } layer 0 }",,,
O20,Danfeng,1,丹鳳站出口1,121.422282,25.029048,,TaiwanStation_DanFengDanfeng,TaiwanStation_DanFengDanfeng_1,"exit ""TaiwanStation_DanFengDanfeng_1"" with { short_name ""1"" coords { lat 121.422282; lon 25.029048 } layer 0 }",,,
O20,Danfeng,2,丹鳳站出口2,121.422615,25.028742,,TaiwanStation_DanFengDanfeng,TaiwanStation_DanFengDanfeng_2,"exit ""TaiwanStation_DanFengDanfeng_2"" with { short_name ""2"" coords { lat 121.422615; lon 25.028742 } layer 0 }",,,
O21,Huilong,1,迴龍站出口1,121.411264,25.021864,,TaiwanStation_HuiLongHuilong,TaiwanStation_HuiLongHuilong_1,"exit ""TaiwanStation_HuiLongHuilong_1"" with { short_name ""1"" coords { lat 121.411264; lon 25.021864 } layer 0 }",,,
O21,Huilong,2,迴龍站出口2,121.41077,25.02118,,TaiwanStation_HuiLongHuilong,TaiwanStation_HuiLongHuilong_2,"exit ""TaiwanStation_HuiLongHuilong_2"" with { short_name ""2"" coords { lat 121.41077; lon 25.02118 } layer 0 }",,,
O21,Huilong,3,迴龍站出口3,121.412482,25.022637,,TaiwanStation_HuiLongHuilong,TaiwanStation_HuiLongHuilong_3,"exit ""TaiwanStation_HuiLongHuilong_3"" with { short_name ""3"" coords { lat 121.412482; lon 25.022637 } layer 0 }",,,
R02,Xiangshan,1,象山站出口1,121.569394,25.033025,,TaiwanStation_XiangShanXiangshan,TaiwanStation_XiangShanXiangshan_1,"exit ""TaiwanStation_XiangShanXiangshan_1"" with { short_name ""1"" coords { lat 121.569394; lon 25.033025 } layer 0 }",,,
R02,Xiangshan,2,象山站出口2,121.569809,25.032366,,TaiwanStation_XiangShanXiangshan,TaiwanStation_XiangShanXiangshan_2,"exit ""TaiwanStation_XiangShanXiangshan_2"" with { short_name ""2"" coords { lat 121.569809; lon 25.032366 } layer 0 }",,,
R02,Xiangshan,3,象山站出口3,121.570408,25.03302,,TaiwanStation_XiangShanXiangshan,TaiwanStation_XiangShanXiangshan_3,"exit ""TaiwanStation_XiangShanXiangshan_3"" with { short_name ""3"" coords { lat 121.570408; lon 25.03302 } layer 0 }",,,
R03,Taipei 101/World Trade Center,1,台北101/世貿站出口1,121.561671,25.033107,,TaiwanStation_TaiBei101ShiMaoTaipei101WorldTradeCenter,TaiwanStation_TaiBei101ShiMaoTaipei101WorldTradeCenter_1,"exit ""TaiwanStation_TaiBei101ShiMaoTaipei101WorldTradeCenter_1"" with { short_name ""1"" coords { lat 121.561671; lon 25.033107 } layer 0 }",,,
R03,Taipei 101/World Trade Center,2,台北101/世貿站出口2,121.561564,25.032733,,TaiwanStation_TaiBei101ShiMaoTaipei101WorldTradeCenter,TaiwanStation_TaiBei101ShiMaoTaipei101WorldTradeCenter_2,"exit ""TaiwanStation_TaiBei101ShiMaoTaipei101WorldTradeCenter_2"" with { short_name ""2"" coords { lat 121.561564; lon 25.032733 } layer 0 }",,,
R03,Taipei 101/World Trade Center,3,台北101/世貿站出口3,121.563646,25.032742,,TaiwanStation_TaiBei101ShiMaoTaipei101WorldTradeCenter,TaiwanStation_TaiBei101ShiMaoTaipei101WorldTradeCenter_3,"exit ""TaiwanStation_TaiBei101ShiMaoTaipei101WorldTradeCenter_3"" with { short_name ""3"" coords { lat 121.563646; lon 25.032742 } layer 0 }",,,
R03,Taipei 101/World Trade Center,4,台北101/世貿站出口4,121.564112,25.033034,,TaiwanStation_TaiBei101ShiMaoTaipei101WorldTradeCenter,TaiwanStation_TaiBei101ShiMaoTaipei101WorldTradeCenter_4,"exit ""TaiwanStation_TaiBei101ShiMaoTaipei101WorldTradeCenter_4"" with { short_name ""4"" coords { lat 121.564112; lon 25.033034 } layer 0 }",,,
R03,Taipei 101/World Trade Center,5,台北101/世貿站出口5,121.563292,25.033102,,TaiwanStation_TaiBei101ShiMaoTaipei101WorldTradeCenter,TaiwanStation_TaiBei101ShiMaoTaipei101WorldTradeCenter_5,"exit ""TaiwanStation_TaiBei101ShiMaoTaipei101WorldTradeCenter_5"" with { short_name ""5"" coords { lat 121.563292; lon 25.033102 } layer 0 }",,,
R04,Xinyi Anhe,1,信義安和站出口1,121.552602,25.033377,,TaiwanStation_XinYiAnHeXinyiAnhe,TaiwanStation_XinYiAnHeXinyiAnhe_1,"exit ""TaiwanStation_XinYiAnHeXinyiAnhe_1"" with { short_name ""1"" coords { lat 121.552602; lon 25.033377 } layer 0 }",,,
R04,Xinyi Anhe,2,信義安和站出口2,121.552332,25.033032,,TaiwanStation_XinYiAnHeXinyiAnhe,TaiwanStation_XinYiAnHeXinyiAnhe_2,"exit ""TaiwanStation_XinYiAnHeXinyiAnhe_2"" with { short_name ""2"" coords { lat 121.552332; lon 25.033032 } layer 0 }",,,
R04,Xinyi Anhe,3,信義安和站出口3,121.553282,25.033022,,TaiwanStation_XinYiAnHeXinyiAnhe,TaiwanStation_XinYiAnHeXinyiAnhe_3,"exit ""TaiwanStation_XinYiAnHeXinyiAnhe_3"" with { short_name ""3"" coords { lat 121.553282; lon 25.033022 } layer 0 }",,,
R04,Xinyi Anhe,4,信義安和站出口4,121.5534,25.033022,,TaiwanStation_XinYiAnHeXinyiAnhe,TaiwanStation_XinYiAnHeXinyiAnhe_4,"exit ""TaiwanStation_XinYiAnHeXinyiAnhe_4"" with { short_name ""4"" coords { lat 121.5534; lon 25.033022 } layer 0 }",,,
R04,Xinyi Anhe,5,信義安和站出口5,121.553526,25.033326,,TaiwanStation_XinYiAnHeXinyiAnhe,TaiwanStation_XinYiAnHeXinyiAnhe_5,"exit ""TaiwanStation_XinYiAnHeXinyiAnhe_5"" with { short_name ""5"" coords { lat 121.553526; lon 25.033326 } layer 0 }",,,
R06,Daan Park,1,大安森林公園站出口1,121.534442,25.033693,,TaiwanStation_DaAnSenLinGongYuanDaanPark,TaiwanStation_DaAnSenLinGongYuanDaanPark_1,"exit ""TaiwanStation_DaAnSenLinGongYuanDaanPark_1"" with { short_name ""1"" coords { lat 121.534442; lon 25.033693 } layer 0 }",,,
R06,Daan Park,2,大安森林公園站出口2,121.534487,25.033391,,TaiwanStation_DaAnSenLinGongYuanDaanPark,TaiwanStation_DaAnSenLinGongYuanDaanPark_2,"exit ""TaiwanStation_DaAnSenLinGongYuanDaanPark_2"" with { short_name ""2"" coords { lat 121.534487; lon 25.033391 } layer 0 }",,,
R06,Daan Park,3,大安森林公園站出口3,121.534882,25.033396,,TaiwanStation_DaAnSenLinGongYuanDaanPark,TaiwanStation_DaAnSenLinGongYuanDaanPark_3,"exit ""TaiwanStation_DaAnSenLinGongYuanDaanPark_3"" with { short_name ""3"" coords { lat 121.534882; lon 25.033396 } layer 0 }",,,
R06,Daan Park,4,大安森林公園站出口4,121.535292,25.033391,,TaiwanStation_DaAnSenLinGongYuanDaanPark,TaiwanStation_DaAnSenLinGongYuanDaanPark_4,"exit ""TaiwanStation_DaAnSenLinGongYuanDaanPark_4"" with { short_name ""4"" coords { lat 121.535292; lon 25.033391 } layer 0 }",,,
R06,Daan Park,5,大安森林公園站出口5,121.535989,25.033369,,TaiwanStation_DaAnSenLinGongYuanDaanPark,TaiwanStation_DaAnSenLinGongYuanDaanPark_5,"exit ""TaiwanStation_DaAnSenLinGongYuanDaanPark_5"" with { short_name ""5"" coords { lat 121.535989; lon 25.033369 } layer 0 }",,,
R06,Daan Park,6,大安森林公園站出口6,121.535952,25.033654,,TaiwanStation_DaAnSenLinGongYuanDaanPark,TaiwanStation_DaAnSenLinGongYuanDaanPark_6,"exit ""TaiwanStation_DaAnSenLinGongYuanDaanPark_6"" with { short_name ""6"" coords { lat 121.535952; lon 25.033654 } layer 0 }",,,
R08,Chiang Kai-Shek Memorial Hall,1,中正紀念堂站出口1,121.517764,25.033034,,TaiwanStation_ZhongZhengJiNianTangChiangKaishekMemorialHall,TaiwanStation_ZhongZhengJiNianTangChiangKaishekMemorialHall_1,"exit ""TaiwanStation_ZhongZhengJiNianTangChiangKaishekMemorialHall_1"" with { short_name ""1"" coords { lat 121.517764; lon 25.033034 } layer 0 }",,,
R08,Chiang Kai-Shek Memorial Hall,2,中正紀念堂站出口2,121.518261,25.032406,,TaiwanStation_ZhongZhengJiNianTangChiangKaishekMemorialHall,TaiwanStation_ZhongZhengJiNianTangChiangKaishekMemorialHall_2,"exit ""TaiwanStation_ZhongZhengJiNianTangChiangKaishekMemorialHall_2"" with { short_name ""2"" coords { lat 121.518261; lon 25.032406 } layer 0 }",,,
R08,Chiang Kai-Shek Memorial Hall,3,中正紀念堂站出口3,121.519,25.032281,,TaiwanStation_ZhongZhengJiNianTangChiangKaishekMemorialHall,TaiwanStation_ZhongZhengJiNianTangChiangKaishekMemorialHall_3,"exit ""TaiwanStation_ZhongZhengJiNianTangChiangKaishekMemorialHall_3"" with { short_name ""3"" coords { lat 121.519; lon 25.032281 } layer 0 }",,,
R08,Chiang Kai-Shek Memorial Hall,4,中正紀念堂站出口4,121.51796,25.033525,,TaiwanStation_ZhongZhengJiNianTangChiangKaishekMemorialHall,TaiwanStation_ZhongZhengJiNianTangChiangKaishekMemorialHall_4,"exit ""TaiwanStation_ZhongZhengJiNianTangChiangKaishekMemorialHall_4"" with { short_name ""4"" coords { lat 121.51796; lon 25.033525 } layer 0 }",,,
R08,Chiang Kai-Shek Memorial Hall,5,中正紀念堂站出口5,121.517109,25.035148,,TaiwanStation_ZhongZhengJiNianTangChiangKaishekMemorialHall,TaiwanStation_ZhongZhengJiNianTangChiangKaishekMemorialHall_5,"exit ""TaiwanStation_ZhongZhengJiNianTangChiangKaishekMemorialHall_5"" with { short_name ""5"" coords { lat 121.517109; lon 25.035148 } layer 0 }",,,
R08,Chiang Kai-Shek Memorial Hall,6,中正紀念堂站出口6,121.516543,25.03588,,TaiwanStation_ZhongZhengJiNianTangChiangKaishekMemorialHall,TaiwanStation_ZhongZhengJiNianTangChiangKaishekMemorialHall_6,"exit ""TaiwanStation_ZhongZhengJiNianTangChiangKaishekMemorialHall_6"" with { short_name ""6"" coords { lat 121.516543; lon 25.03588 } layer 0 }",,,
R08,Chiang Kai-Shek Memorial Hall,7,中正紀念堂站出口7,121.515983,25.034565,,TaiwanStation_ZhongZhengJiNianTangChiangKaishekMemorialHall,TaiwanStation_ZhongZhengJiNianTangChiangKaishekMemorialHall_7,"exit ""TaiwanStation_ZhongZhengJiNianTangChiangKaishekMemorialHall_7"" with { short_name ""7"" coords { lat 121.515983; lon 25.034565 } layer 0 }",,,
R09,NTU Hospital,1,台大醫院站出口1,121.515731,25.040913,,TaiwanStation_TaiDaYiYuanNtuHospital,TaiwanStation_TaiDaYiYuanNtuHospital_1,"exit ""TaiwanStation_TaiDaYiYuanNtuHospital_1"" with { short_name ""1"" coords { lat 121.515731; lon 25.040913 } layer 0 }",,,
R09,NTU Hospital,2,台大醫院站出口2,121.516589,25.041224,,TaiwanStation_TaiDaYiYuanNtuHospital,TaiwanStation_TaiDaYiYuanNtuHospital_2,"exit ""TaiwanStation_TaiDaYiYuanNtuHospital_2"" with { short_name ""2"" coords { lat 121.516589; lon 25.041224 } layer 0 }",,,
R09,NTU Hospital,3,台大醫院站出口3,121.516632,25.042808,,TaiwanStation_TaiDaYiYuanNtuHospital,TaiwanStation_TaiDaYiYuanNtuHospital_3,"exit ""TaiwanStation_TaiDaYiYuanNtuHospital_3"" with { short_name ""3"" coords { lat 121.516632; lon 25.042808 } layer 0 }",,,
R09,NTU Hospital,4,台大醫院站出口4,121.516299,25.042876,,TaiwanStation_TaiDaYiYuanNtuHospital,TaiwanStation_TaiDaYiYuanNtuHospital_4,"exit ""TaiwanStation_TaiDaYiYuanNtuHospital_4"" with { short_name ""4"" coords { lat 121.516299; lon 25.042876 } layer 0 }",,,
R10,Taipei Main Station,M1,台北車站M1,121.518193,25.048232,,TaiwanStation_TaiBeiCheZhanTaipeiMainStation,TaiwanStation_TaiBeiCheZhanTaipeiMainStation_M1,"exit ""TaiwanStation_TaiBeiCheZhanTaipeiMainStation_M1"" with { short_name ""M1"" coords { lat 121.518193; lon 25.048232 } layer 0 }",,,
R10,Taipei Main Station,M2,台北車站M2,121.519067,25.048064,,TaiwanStation_TaiBeiCheZhanTaipeiMainStation,TaiwanStation_TaiBeiCheZhanTaipeiMainStation_M2,"exit ""TaiwanStation_TaiBeiCheZhanTaipeiMainStation_M2"" with { short_name ""M2"" coords { lat 121.519067; lon 25.048064 } layer 0 }",,,
R10,Taipei Main Station,M3,台北車站M3,121.517882,25.046337,,TaiwanStation_TaiBeiCheZhanTaipeiMainStation,TaiwanStation_TaiBeiCheZhanTaipeiMainStation_M3,"exit ""TaiwanStation_TaiBeiCheZhanTaipeiMainStation_M3"" with { short_name ""M3"" coords { lat 121.517882; lon 25.046337 } layer 0 }",,,
R10,Taipei Main Station,M4,台北車站M4,121.517345,25.046485,,TaiwanStation_TaiBeiCheZhanTaipeiMainStation,TaiwanStation_TaiBeiCheZhanTaipeiMainStation_M4,"exit ""TaiwanStation_TaiBeiCheZhanTaipeiMainStation_M4"" with { short_name ""M4"" coords { lat 121.517345; lon 25.046485 } layer 0 }",,,
R10,Taipei Main Station,M5,台北車站M5,121.516246,25.046755,,TaiwanStation_TaiBeiCheZhanTaipeiMainStation,TaiwanStation_TaiBeiCheZhanTaipeiMainStation_M5,"exit ""TaiwanStation_TaiBeiCheZhanTaipeiMainStation_M5"" with { short_name ""M5"" coords { lat 121.516246; lon 25.046755 } layer 0 }",,,
R10,Taipei Main Station,M6,台北車站M6,121.516787,25.046234,,TaiwanStation_TaiBeiCheZhanTaipeiMainStation,TaiwanStation_TaiBeiCheZhanTaipeiMainStation_M6,"exit ""TaiwanStation_TaiBeiCheZhanTaipeiMainStation_M6"" with { short_name ""M6"" coords { lat 121.516787; lon 25.046234 } layer 0 }",,,
R10,Taipei Main Station,M7,台北車站M7,121.518643,25.046077,,TaiwanStation_TaiBeiCheZhanTaipeiMainStation,TaiwanStation_TaiBeiCheZhanTaipeiMainStation_M7,"exit ""TaiwanStation_TaiBeiCheZhanTaipeiMainStation_M7"" with { short_name ""M7"" coords { lat 121.518643; lon 25.046077 } layer 0 }",,,
R10,Taipei Main Station,M8,台北車站M8,121.517479,25.045948,,TaiwanStation_TaiBeiCheZhanTaipeiMainStation,TaiwanStation_TaiBeiCheZhanTaipeiMainStation_M8,"exit ""TaiwanStation_TaiBeiCheZhanTaipeiMainStation_M8"" with { short_name ""M8"" coords { lat 121.517479; lon 25.045948 } layer 0 }",,,
R11,Zhongshan,1,中山站出口1,121.520303,25.052414,,TaiwanStation_ZhongShanZhongshan,TaiwanStation_ZhongShanZhongshan_1,"exit ""TaiwanStation_ZhongShanZhongshan_1"" with { short_name ""1"" coords { lat 121.520303; lon 25.052414 } layer 0 }",,,
R11,Zhongshan,2,中山站出口2,121.521063,25.052382,,TaiwanStation_ZhongShanZhongshan,TaiwanStation_ZhongShanZhongshan_2,"exit ""TaiwanStation_ZhongShanZhongshan_2"" with { short_name ""2"" coords { lat 121.521063; lon 25.052382 } layer 0 }",,,
R11,Zhongshan,3,中山站出口3,121.521154,25.052611,,TaiwanStation_ZhongShanZhongshan,TaiwanStation_ZhongShanZhongshan_3,"exit ""TaiwanStation_ZhongShanZhongshan_3"" with { short_name ""3"" coords { lat 121.521154; lon 25.052611 } layer 0 }",,,
R11,Zhongshan,4,中山站出口4,121.520306,25.052858,,TaiwanStation_ZhongShanZhongshan,TaiwanStation_ZhongShanZhongshan_4,"exit ""TaiwanStation_ZhongShanZhongshan_4"" with { short_name ""4"" coords { lat 121.520306; lon 25.052858 } layer 0 }",,,
R11,Zhongshan,5,中山站出口5,121.519329,25.053037,,TaiwanStation_ZhongShanZhongshan,TaiwanStation_ZhongShanZhongshan_5,"exit ""TaiwanStation_ZhongShanZhongshan_5"" with { short_name ""5"" coords { lat 121.519329; lon 25.053037 } layer 0 }",,,
R11,Zhongshan,6,中山站出口6,121.519007,25.052833,,TaiwanStation_ZhongShanZhongshan,TaiwanStation_ZhongShanZhongshan_6,"exit ""TaiwanStation_ZhongShanZhongshan_6"" with { short_name ""6"" coords { lat 121.519007; lon 25.052833 } layer 0 }",,,
R12,Shuanglian,1,雙連站出口1,121.520588,25.057499,,TaiwanStation_ShuangLianShuanglian,TaiwanStation_ShuangLianShuanglian_1,"exit ""TaiwanStation_ShuangLianShuanglian_1"" with { short_name ""1"" coords { lat 121.520588; lon 25.057499 } layer 0 }",,,
R12,Shuanglian,2,雙連站出口2,121.520615,25.057825,,TaiwanStation_ShuangLianShuanglian,TaiwanStation_ShuangLianShuanglian_2,"exit ""TaiwanStation_ShuangLianShuanglian_2"" with { short_name ""2"" coords { lat 121.520615; lon 25.057825 } layer 0 }",,,
R13,Minquan W. Rd.,1,民權西路站出口1,121.519454,25.062641,,TaiwanStation_MinQuanXiLuMinquanWRd,TaiwanStation_MinQuanXiLuMinquanWRd_1,"exit ""TaiwanStation_MinQuanXiLuMinquanWRd_1"" with { short_name ""1"" coords { lat 121.519454; lon 25.062641 } layer 0 }",,,
R13,Minquan W. Rd.,10,民權西路站出口10,121.519791,25.063063,,TaiwanStation_MinQuanXiLuMinquanWRd,TaiwanStation_MinQuanXiLuMinquanWRd_10,"exit ""TaiwanStation_MinQuanXiLuMinquanWRd_10"" with { short_name ""10"" coords { lat 121.519791; lon 25.063063 } layer 0 }",,,
R13,Minquan W. Rd.,2,民權西路站出口2,121.519614,25.061878,,TaiwanStation_MinQuanXiLuMinquanWRd,TaiwanStation_MinQuanXiLuMinquanWRd_2,"exit ""TaiwanStation_MinQuanXiLuMinquanWRd_2"" with { short_name ""2"" coords { lat 121.519614; lon 25.061878 } layer 0 }",,,
R13,Minquan W. Rd.,3,民權西路站出口3,121.519786,25.061766,,TaiwanStation_MinQuanXiLuMinquanWRd,TaiwanStation_MinQuanXiLuMinquanWRd_3,"exit ""TaiwanStation_MinQuanXiLuMinquanWRd_3"" with { short_name ""3"" coords { lat 121.519786; lon 25.061766 } layer 0 }",,,
R13,Minquan W. Rd.,4,民權西路站出口4,121.519867,25.061936,,TaiwanStation_MinQuanXiLuMinquanWRd,TaiwanStation_MinQuanXiLuMinquanWRd_4,"exit ""TaiwanStation_MinQuanXiLuMinquanWRd_4"" with { short_name ""4"" coords { lat 121.519867; lon 25.061936 } layer 0 }",,,
R13,Minquan W. Rd.,5,民權西路站出口5,121.518558,25.063122,,TaiwanStation_MinQuanXiLuMinquanWRd,TaiwanStation_MinQuanXiLuMinquanWRd_5,"exit ""TaiwanStation_MinQuanXiLuMinquanWRd_5"" with { short_name ""5"" coords { lat 121.518558; lon 25.063122 } layer 0 }",,,
R13,Minquan W. Rd.,6,民權西路站出口6,121.51853,25.062693,,TaiwanStation_MinQuanXiLuMinquanWRd,TaiwanStation_MinQuanXiLuMinquanWRd_6,"exit ""TaiwanStation_MinQuanXiLuMinquanWRd_6"" with { short_name ""6"" coords { lat 121.51853; lon 25.062693 } layer 0 }",,,
R13,Minquan W. Rd.,7,民權西路站出口7,121.520092,25.06267,,TaiwanStation_MinQuanXiLuMinquanWRd,TaiwanStation_MinQuanXiLuMinquanWRd_7,"exit ""TaiwanStation_MinQuanXiLuMinquanWRd_7"" with { short_name ""7"" coords { lat 121.520092; lon 25.06267 } layer 0 }",,,
R13,Minquan W. Rd.,8,民權西路站出口8,121.520602,25.06266,,TaiwanStation_MinQuanXiLuMinquanWRd,TaiwanStation_MinQuanXiLuMinquanWRd_8,"exit ""TaiwanStation_MinQuanXiLuMinquanWRd_8"" with { short_name ""8"" coords { lat 121.520602; lon 25.06266 } layer 0 }",,,
R13,Minquan W. Rd.,9,民權西路站出口9,121.520744,25.063027,,TaiwanStation_MinQuanXiLuMinquanWRd,TaiwanStation_MinQuanXiLuMinquanWRd_9,"exit ""TaiwanStation_MinQuanXiLuMinquanWRd_9"" with { short_name ""9"" coords { lat 121.520744; lon 25.063027 } layer 0 }",,,
R14,Yuanshan,1,圓山站出口1,121.520033,25.070785,,TaiwanStation_YuanShanYuanshan,TaiwanStation_YuanShanYuanshan_1,"exit ""TaiwanStation_YuanShanYuanshan_1"" with { short_name ""1"" coords { lat 121.520033; lon 25.070785 } layer 0 }",,,
R14,Yuanshan,2,圓山站出口2,121.520108,25.071776,,TaiwanStation_YuanShanYuanshan,TaiwanStation_YuanShanYuanshan_2,"exit ""TaiwanStation_YuanShanYuanshan_2"" with { short_name ""2"" coords { lat 121.520108; lon 25.071776 } layer 0 }",,,
R15,Jiantan,1,劍潭站出口1,121.525175,25.08503,,TaiwanStation_JianTanJiantan,TaiwanStation_JianTanJiantan_1,"exit ""TaiwanStation_JianTanJiantan_1"" with { short_name ""1"" coords { lat 121.525175; lon 25.08503 } layer 0 }",,,
R15,Jiantan,2,劍潭站出口2,121.524807,25.083466,,TaiwanStation_JianTanJiantan,TaiwanStation_JianTanJiantan_2,"exit ""TaiwanStation_JianTanJiantan_2"" with { short_name ""2"" coords { lat 121.524807; lon 25.083466 } layer 0 }",,,
R15,Jiantan,3,劍潭站出口3,121.52496,25.084284,,TaiwanStation_JianTanJiantan,TaiwanStation_JianTanJiantan_3,"exit ""TaiwanStation_JianTanJiantan_3"" with { short_name ""3"" coords { lat 121.52496; lon 25.084284 } layer 0 }",,,
R16,Shilin,1,士林站出口1,121.525966,25.094106,,TaiwanStation_ShiLinShilin,TaiwanStation_ShiLinShilin_1,"exit ""TaiwanStation_ShiLinShilin_1"" with { short_name ""1"" coords { lat 121.525966; lon 25.094106 } layer 0 }",,,
R16,Shilin,2,士林站出口2,121.526433,25.092901,,TaiwanStation_ShiLinShilin,TaiwanStation_ShiLinShilin_2,"exit ""TaiwanStation_ShiLinShilin_2"" with { short_name ""2"" coords { lat 121.526433; lon 25.092901 } layer 0 }",,,
R17,Zhishan,1,芝山站出口1,121.522636,25.102046,,TaiwanStation_ZhiShanZhishan,TaiwanStation_ZhiShanZhishan_1,"exit ""TaiwanStation_ZhiShanZhishan_1"" with { short_name ""1"" coords { lat 121.522636; lon 25.102046 } layer 0 }",,,
R17,Zhishan,2,芝山站出口2,121.522356,25.103804,,TaiwanStation_ZhiShanZhishan,TaiwanStation_ZhiShanZhishan_2,"exit ""TaiwanStation_ZhiShanZhishan_2"" with { short_name ""2"" coords { lat 121.522356; lon 25.103804 } layer 0 }",,,
R18,Mingde,0,明德站出口,121.519153,25.109298,,TaiwanStation_MingDeMingde,TaiwanStation_MingDeMingde_0,"exit ""TaiwanStation_MingDeMingde_0"" with { short_name ""0"" coords { lat 121.519153; lon 25.109298 } layer 0 }",,,
R19,Shipai,1,石牌站出口1,121.515171,25.115007,,TaiwanStation_ShiPaiShipai,TaiwanStation_ShiPaiShipai_1,"exit ""TaiwanStation_ShiPaiShipai_1"" with { short_name ""1"" coords { lat 121.515171; lon 25.115007 } layer 0 }",,,
R19,Shipai,2,石牌站出口2,121.516205,25.113602,,TaiwanStation_ShiPaiShipai,TaiwanStation_ShiPaiShipai_2,"exit ""TaiwanStation_ShiPaiShipai_2"" with { short_name ""2"" coords { lat 121.516205; lon 25.113602 } layer 0 }",,,
R20,Qilian,1,唭哩岸站出口1,121.506987,25.120673,,TaiwanStation_QiLiAnQilian,TaiwanStation_QiLiAnQilian_1,"exit ""TaiwanStation_QiLiAnQilian_1"" with { short_name ""1"" coords { lat 121.506987; lon 25.120673 } layer 0 }",,,
R20,Qilian,2,唭哩岸站出口2,121.50589,25.120854,,TaiwanStation_QiLiAnQilian,TaiwanStation_QiLiAnQilian_2,"exit ""TaiwanStation_QiLiAnQilian_2"" with { short_name ""2"" coords { lat 121.50589; lon 25.120854 } layer 0 }",,,
R21,Qiyan,0,奇岩站出口,121.50096,25.126169,,TaiwanStation_QiYanQiyan,TaiwanStation_QiYanQiyan_0,"exit ""TaiwanStation_QiYanQiyan_0"" with { short_name ""0"" coords { lat 121.50096; lon 25.126169 } layer 0 }",,,
R22,Beitou,0,北投站出口,121.49824,25.132316,,TaiwanStation_BeiTouBeitou,TaiwanStation_BeiTouBeitou_0,"exit ""TaiwanStation_BeiTouBeitou_0"" with { short_name ""0"" coords { lat 121.49824; lon 25.132316 } layer 0 }",,,
R23,Fuxinggang,1,復興崗站出口1,121.485373,25.137665,,TaiwanStation_FuXingGangFuxinggang,TaiwanStation_FuXingGangFuxinggang_1,"exit ""TaiwanStation_FuXingGangFuxinggang_1"" with { short_name ""1"" coords { lat 121.485373; lon 25.137665 } layer 0 }",,,
R23,Fuxinggang,2,復興崗站出口2,121.485159,25.137325,,TaiwanStation_FuXingGangFuxinggang,TaiwanStation_FuXingGangFuxinggang_2,"exit ""TaiwanStation_FuXingGangFuxinggang_2"" with { short_name ""2"" coords { lat 121.485159; lon 25.137325 } layer 0 }",,,
R24,Zhongyi,1,忠義站出口1,121.473169,25.131056,,TaiwanStation_ZhongYiZhongyi,TaiwanStation_ZhongYiZhongyi_1,"exit ""TaiwanStation_ZhongYiZhongyi_1"" with { short_name ""1"" coords { lat 121.473169; lon 25.131056 } layer 0 }",,,
R24,Zhongyi,2,忠義站出口2,121.473657,25.130905,,TaiwanStation_ZhongYiZhongyi,TaiwanStation_ZhongYiZhongyi_2,"exit ""TaiwanStation_ZhongYiZhongyi_2"" with { short_name ""2"" coords { lat 121.473657; lon 25.130905 } layer 0 }",,,
R25,Guandu,1,關渡站出口1,121.467215,25.125431,,TaiwanStation_GuanDuGuandu,TaiwanStation_GuanDuGuandu_1,"exit ""TaiwanStation_GuanDuGuandu_1"" with { short_name ""1"" coords { lat 121.467215; lon 25.125431 } layer 0 }",,,
R25,Guandu,2,關渡站出口2,121.466861,25.12547,,TaiwanStation_GuanDuGuandu,TaiwanStation_GuanDuGuandu_2,"exit ""TaiwanStation_GuanDuGuandu_2"" with { short_name ""2"" coords { lat 121.466861; lon 25.12547 } layer 0 }",,,
R26,Zhuwei,1,竹圍站出口1,121.459726,25.136971,,TaiwanStation_ZhuWeiZhuwei,TaiwanStation_ZhuWeiZhuwei_1,"exit ""TaiwanStation_ZhuWeiZhuwei_1"" with { short_name ""1"" coords { lat 121.459726; lon 25.136971 } layer 0 }",,,
R26,Zhuwei,2,竹圍站出口2,121.459383,25.136854,,TaiwanStation_ZhuWeiZhuwei,TaiwanStation_ZhuWeiZhuwei_2,"exit ""TaiwanStation_ZhuWeiZhuwei_2"" with { short_name ""2"" coords { lat 121.459383; lon 25.136854 } layer 0 }",,,
R27,Hongshulin,0,新北投站出口,121.503524,25.136968,,TaiwanStation_HongShuLinHongshulin,TaiwanStation_HongShuLinHongshulin_0,"exit ""TaiwanStation_HongShuLinHongshulin_0"" with { short_name ""0"" coords { lat 121.503524; lon 25.136968 } layer 0 }",,,
R27,Hongshulin,1,紅樹林站出口1,121.459039,25.154137,,TaiwanStation_HongShuLinHongshulin,TaiwanStation_HongShuLinHongshulin_1,"exit ""TaiwanStation_HongShuLinHongshulin_1"" with { short_name ""1"" coords { lat 121.459039; lon 25.154137 } layer 0 }",,,
R27,Hongshulin,2,紅樹林站出口2,121.458583,25.153831,,TaiwanStation_HongShuLinHongshulin,TaiwanStation_HongShuLinHongshulin_2,"exit ""TaiwanStation_HongShuLinHongshulin_2"" with { short_name ""2"" coords { lat 121.458583; lon 25.153831 } layer 0 }",,,
R28,Tamsui,1,淡水站出口1,121.445355,25.168084,,TaiwanStation_DanShuiTamsui,TaiwanStation_DanShuiTamsui_1,"exit ""TaiwanStation_DanShuiTamsui_1"" with { short_name ""1"" coords { lat 121.445355; lon 25.168084 } layer 0 }",,,
R28,Tamsui,2,淡水站出口2,121.445988,25.167577,,TaiwanStation_DanShuiTamsui,TaiwanStation_DanShuiTamsui_2,"exit ""TaiwanStation_DanShuiTamsui_2"" with { short_name ""2"" coords { lat 121.445988; lon 25.167577 } layer 0 }",,,
Y07,Dapinglin,1,大坪林站出口1,121.540874,24.982754,,TaiwanStation_DaPingLinDapinglin,TaiwanStation_DaPingLinDapinglin_1,"exit ""TaiwanStation_DaPingLinDapinglin_1"" with { short_name ""1"" coords { lat 121.540874; lon 24.982754 } layer 0 }",,,
Y07,Dapinglin,2,大坪林站出口2,121.541619,24.982051,,TaiwanStation_DaPingLinDapinglin,TaiwanStation_DaPingLinDapinglin_2,"exit ""TaiwanStation_DaPingLinDapinglin_2"" with { short_name ""2"" coords { lat 121.541619; lon 24.982051 } layer 0 }",,,
Y07,Dapinglin,3,大坪林站出口3,121.541572,24.982982,,TaiwanStation_DaPingLinDapinglin,TaiwanStation_DaPingLinDapinglin_3,"exit ""TaiwanStation_DaPingLinDapinglin_3"" with { short_name ""3"" coords { lat 121.541572; lon 24.982982 } layer 0 }",,,
Y07,Dapinglin,4,大坪林站出口4,121.541405,24.983539,,TaiwanStation_DaPingLinDapinglin,TaiwanStation_DaPingLinDapinglin_4,"exit ""TaiwanStation_DaPingLinDapinglin_4"" with { short_name ""4"" coords { lat 121.541405; lon 24.983539 } layer 0 }",,,
Y07,Dapinglin,5,大坪林站出口5,121.543209,24.982859,,TaiwanStation_DaPingLinDapinglin,TaiwanStation_DaPingLinDapinglin_5,"exit ""TaiwanStation_DaPingLinDapinglin_5"" with { short_name ""5"" coords { lat 121.543209; lon 24.982859 } layer 0 }",,,
Y08,Shisizhang,0,十四張站出口,121.527701,24.984467,,TaiwanStation_ShiSiZhangShisizhang,TaiwanStation_ShiSiZhangShisizhang_0,"exit ""TaiwanStation_ShiSiZhangShisizhang_0"" with { short_name ""0"" coords { lat 121.527701; lon 24.984467 } layer 0 }",,,
Y09,Xiulang Bridge,1,秀朗橋站出口1,121.52574,24.990418,,TaiwanStation_XiuLangQiaoXiulangBridge,TaiwanStation_XiuLangQiaoXiulangBridge_1,"exit ""TaiwanStation_XiuLangQiaoXiulangBridge_1"" with { short_name ""1"" coords { lat 121.52574; lon 24.990418 } layer 0 }",,,
Y09,Xiulang Bridge,2,秀朗橋站出口2,121.525051,24.990549,,TaiwanStation_XiuLangQiaoXiulangBridge,TaiwanStation_XiuLangQiaoXiulangBridge_2,"exit ""TaiwanStation_XiuLangQiaoXiulangBridge_2"" with { short_name ""2"" coords { lat 121.525051; lon 24.990549 } layer 0 }",,,
Y10,Jingping,0,景平站出口,121.516553,24.991968,,TaiwanStation_JingPingJingping,TaiwanStation_JingPingJingping_0,"exit ""TaiwanStation_JingPingJingping_0"" with { short_name ""0"" coords { lat 121.516553; lon 24.991968 } layer 0 }",,,
Y11,Jingan,0,景安站出口,121.504632,24.993731,,TaiwanStation_JingAnJingan,TaiwanStation_JingAnJingan_0,"exit ""TaiwanStation_JingAnJingan_0"" with { short_name ""0"" coords { lat 121.504632; lon 24.993731 } layer 0 }",,,
Y12,Zhonghe,0,中和站出口,121.496052,25.001981,,TaiwanStation_ZhongHeZhonghe,TaiwanStation_ZhongHeZhonghe_0,"exit ""TaiwanStation_ZhongHeZhonghe_0"" with { short_name ""0"" coords { lat 121.496052; lon 25.001981 } layer 0 }",,,
Y13,Qiaohe,0,橋和站出口,121.490461,25.004413,,TaiwanStation_QiaoHeQiaohe,TaiwanStation_QiaoHeQiaohe_0,"exit ""TaiwanStation_QiaoHeQiaohe_0"" with { short_name ""0"" coords { lat 121.490461; lon 25.004413 } layer 0 }",,,
Y14,Zhongyuan,0,中原站出口,121.484159,25.00841,,TaiwanStation_ZhongYuanZhongyuan,TaiwanStation_ZhongYuanZhongyuan_0,"exit ""TaiwanStation_ZhongYuanZhongyuan_0"" with { short_name ""0"" coords { lat 121.484159; lon 25.00841 } layer 0 }",,,
Y15,Banxin,0,板新站出口,121.472212,25.014491,,TaiwanStation_BanXinBanxin,TaiwanStation_BanXinBanxin_0,"exit ""TaiwanStation_BanXinBanxin_0"" with { short_name ""0"" coords { lat 121.472212; lon 25.014491 } layer 0 }",,,
Y16,Banqiao,4,板橋站出口4,121.464938,25.015105,,TaiwanStation_BanQiaoBanqiao,TaiwanStation_BanQiaoBanqiao_4,"exit ""TaiwanStation_BanQiaoBanqiao_4"" with { short_name ""4"" coords { lat 121.464938; lon 25.015105 } layer 0 }",,,
Y16,Banqiao,5,板橋站出口5,121.464312,25.015502,,TaiwanStation_BanQiaoBanqiao,TaiwanStation_BanQiaoBanqiao_5,"exit ""TaiwanStation_BanQiaoBanqiao_5"" with { short_name ""5"" coords { lat 121.464312; lon 25.015502 } layer 0 }",,,
Y17,Xinpu Minsheng,0,新埔民生站出口,121.466839,25.026125,,TaiwanStation_XinBuMinShengXinpuMinsheng,TaiwanStation_XinBuMinShengXinpuMinsheng_0,"exit ""TaiwanStation_XinBuMinShengXinpuMinsheng_0"" with { short_name ""0"" coords { lat 121.466839; lon 25.026125 } layer 0 }",,,
Y18,Touqianzhuang,1,頭前庄站出口1,121.460783,25.03963,,TaiwanStation_TouQianZhuangTouqianzhuang,TaiwanStation_TouQianZhuangTouqianzhuang_1,"exit ""TaiwanStation_TouQianZhuangTouqianzhuang_1"" with { short_name ""1"" coords { lat 121.460783; lon 25.03963 } layer 0 }",,,
Y18,Touqianzhuang,2,頭前庄站出口2,121.460931,25.039068,,TaiwanStation_TouQianZhuangTouqianzhuang,TaiwanStation_TouQianZhuangTouqianzhuang_2,"exit ""TaiwanStation_TouQianZhuangTouqianzhuang_2"" with { short_name ""2"" coords { lat 121.460931; lon 25.039068 } layer 0 }",,,
Y18,Touqianzhuang,3,頭前庄站出口3,121.462247,25.039853,,TaiwanStation_TouQianZhuangTouqianzhuang,TaiwanStation_TouQianZhuangTouqianzhuang_3,"exit ""TaiwanStation_TouQianZhuangTouqianzhuang_3"" with { short_name ""3"" coords { lat 121.462247; lon 25.039853 } layer 0 }",,,
Y18,Touqianzhuang,4,頭前庄站出口4,121.462242,25.040485,,TaiwanStation_TouQianZhuangTouqianzhuang,TaiwanStation_TouQianZhuangTouqianzhuang_4,"exit ""TaiwanStation_TouQianZhuangTouqianzhuang_4"" with { short_name ""4"" coords { lat 121.462242; lon 25.040485 } layer 0 }",,,
Y19,Xingfu,1,幸福站出口1,121.460146,25.050126,,TaiwanStation_XingFuXingfu,TaiwanStation_XingFuXingfu_1,"exit ""TaiwanStation_XingFuXingfu_1"" with { short_name ""1"" coords { lat 121.460146; lon 25.050126 } layer 0 }",,,
Y19,Xingfu,2,幸福站出口2,121.460593,25.049545,,TaiwanStation_XingFuXingfu,TaiwanStation_XingFuXingfu_2,"exit ""TaiwanStation_XingFuXingfu_2"" with { short_name ""2"" coords { lat 121.460593; lon 25.049545 } layer 0 }",,,
Y20,New Taipei Industrial Park,0,新北產業園區站出口,121.459926,25.061548,,TaiwanStation_XinBeiChanYeYuanQuNewTaipeiIndustrialPark,TaiwanStation_XinBeiChanYeYuanQuNewTaipeiIndustrialPark_0,"exit ""TaiwanStation_XinBeiChanYeYuanQuNewTaipeiIndustrialPark_0"" with { short_name ""0"" coords { lat 121.459926; lon 25.061548 } layer 0 }",,,